year,covariate,value,habitat_type,stream
1966,mean_wetted_acres,881.5602429000785,spawning,Tuolumne
1966,mean_spawn_acres,20.96484476797223,spawning,Tuolumne
1967,mean_wetted_acres,958.8749835371462,spawning,Tuolumne
1967,mean_spawn_acres,16.68419103295641,spawning,Tuolumne
1968,mean_wetted_acres,842.5548989396344,spawning,Tuolumne
1968,mean_spawn_acres,21.70808062464816,spawning,Tuolumne
1969,mean_wetted_acres,967.042052651826,spawning,Tuolumne
1969,mean_spawn_acres,15.01590132284871,spawning,Tuolumne
1970,mean_wetted_acres,831.3561115157082,spawning,Tuolumne
1970,mean_spawn_acres,23.66970958953842,spawning,Tuolumne
1971,mean_wetted_acres,815.9536684049326,spawning,Tuolumne
1971,mean_spawn_acres,24.162076579653768,spawning,Tuolumne
1972,mean_wetted_acres,817.0278213902997,spawning,Tuolumne
1972,mean_spawn_acres,23.288598251532655,spawning,Tuolumne
1973,mean_wetted_acres,862.0326942077827,spawning,Tuolumne
1973,mean_spawn_acres,20.656213707989473,spawning,Tuolumne
1974,mean_wetted_acres,1017.0595202840643,spawning,Tuolumne
1974,mean_spawn_acres,13.506751732854566,spawning,Tuolumne
1975,mean_wetted_acres,1032.2612160523038,spawning,Tuolumne
1975,mean_spawn_acres,13.343481795049264,spawning,Tuolumne
1976,mean_wetted_acres,758.7450514037232,spawning,Tuolumne
1976,mean_spawn_acres,30.12166620501987,spawning,Tuolumne
1977,mean_wetted_acres,682.7937660465805,spawning,Tuolumne
1977,mean_spawn_acres,11.738253885633002,spawning,Tuolumne
1978,mean_wetted_acres,897.2174267187023,spawning,Tuolumne
1978,mean_spawn_acres,16.80322160272567,spawning,Tuolumne
1979,mean_wetted_acres,931.5219886047553,spawning,Tuolumne
1979,mean_spawn_acres,14.629977070681086,spawning,Tuolumne
1980,mean_wetted_acres,1024.262432371,spawning,Tuolumne
1980,mean_spawn_acres,13.36105259581676,spawning,Tuolumne
1981,mean_wetted_acres,796.5148849538157,spawning,Tuolumne
1981,mean_spawn_acres,25.94961055850116,spawning,Tuolumne
1982,mean_wetted_acres,1080.9276894305497,spawning,Tuolumne
1982,mean_spawn_acres,13.211938838929868,spawning,Tuolumne
1983,mean_wetted_acres,1078.4542830287965,spawning,Tuolumne
1983,mean_spawn_acres,13.211938838929868,spawning,Tuolumne
1984,mean_wetted_acres,949.6816067484301,spawning,Tuolumne
1984,mean_spawn_acres,14.072501367632636,spawning,Tuolumne
1985,mean_wetted_acres,797.299446631738,spawning,Tuolumne
1985,mean_spawn_acres,26.22073959134259,spawning,Tuolumne
1986,mean_wetted_acres,973.4085084583636,spawning,Tuolumne
1986,mean_spawn_acres,13.673159555790543,spawning,Tuolumne
1987,mean_wetted_acres,751.1649949855832,spawning,Tuolumne
1987,mean_spawn_acres,30.143813197749857,spawning,Tuolumne
1988,mean_wetted_acres,714.9618551574639,spawning,Tuolumne
1988,mean_spawn_acres,22.95137154187592,spawning,Tuolumne
1989,mean_wetted_acres,745.0856548795214,spawning,Tuolumne
1989,mean_spawn_acres,28.88503119072835,spawning,Tuolumne
1990,mean_wetted_acres,723.7469417810964,spawning,Tuolumne
1990,mean_spawn_acres,25.072955667812657,spawning,Tuolumne
1991,mean_wetted_acres,720.1087277192386,spawning,Tuolumne
1991,mean_spawn_acres,24.212378542147825,spawning,Tuolumne
1992,mean_wetted_acres,724.4721692683605,spawning,Tuolumne
1992,mean_spawn_acres,25.60959646080202,spawning,Tuolumne
1993,mean_wetted_acres,790.9048352823075,spawning,Tuolumne
1993,mean_spawn_acres,27.746918164964654,spawning,Tuolumne
1994,mean_wetted_acres,733.2013684560018,spawning,Tuolumne
1994,mean_spawn_acres,27.670876683553338,spawning,Tuolumne
1995,mean_wetted_acres,852.2539436165614,spawning,Tuolumne
1995,mean_spawn_acres,24.119170127950174,spawning,Tuolumne
1996,mean_wetted_acres,892.7950553506839,spawning,Tuolumne
1996,mean_spawn_acres,22.333632528381656,spawning,Tuolumne
1997,mean_wetted_acres,800.7058234557811,spawning,Tuolumne
1997,mean_spawn_acres,26.563397482518575,spawning,Tuolumne
1998,mean_wetted_acres,885.3953169398186,spawning,Tuolumne
1998,mean_spawn_acres,19.908663202508873,spawning,Tuolumne
1999,mean_wetted_acres,785.4559966667236,spawning,Tuolumne
1999,mean_spawn_acres,28.100224680242434,spawning,Tuolumne
2000,mean_wetted_acres,798.4951231369226,spawning,Tuolumne
2000,mean_spawn_acres,26.240720341875726,spawning,Tuolumne
2001,mean_wetted_acres,760.1299621687398,spawning,Tuolumne
2001,mean_spawn_acres,29.82181382750773,spawning,Tuolumne
2002,mean_wetted_acres,755.285878055032,spawning,Tuolumne
2002,mean_spawn_acres,29.889175266891954,spawning,Tuolumne
2003,mean_wetted_acres,761.7089804957136,spawning,Tuolumne
2003,mean_spawn_acres,29.92802609619379,spawning,Tuolumne
2004,mean_wetted_acres,748.9671077002794,spawning,Tuolumne
2004,mean_spawn_acres,29.415972529308462,spawning,Tuolumne
2005,mean_wetted_acres,819.513414038414,spawning,Tuolumne
2005,mean_spawn_acres,25.950927822833645,spawning,Tuolumne
2006,mean_wetted_acres,791.8785232224485,spawning,Tuolumne
2006,mean_spawn_acres,27.168605300927602,spawning,Tuolumne
2007,mean_wetted_acres,740.0153980192523,spawning,Tuolumne
2007,mean_spawn_acres,29.56559260462464,spawning,Tuolumne
2008,mean_wetted_acres,736.6780730133715,spawning,Tuolumne
2008,mean_spawn_acres,28.791926124526743,spawning,Tuolumne
2009,mean_wetted_acres,763.743684744136,spawning,Tuolumne
2009,mean_spawn_acres,28.979057367848405,spawning,Tuolumne
2010,mean_wetted_acres,895.6910369245523,spawning,Tuolumne
2010,mean_spawn_acres,22.23315704569724,spawning,Tuolumne
2011,mean_wetted_acres,790.4534156755639,spawning,Tuolumne
2011,mean_spawn_acres,27.636729104227182,spawning,Tuolumne
2012,mean_wetted_acres,750.3287522638838,spawning,Tuolumne
2012,mean_spawn_acres,28.094531662236303,spawning,Tuolumne
2013,mean_wetted_acres,739.774125357374,spawning,Tuolumne
2013,mean_spawn_acres,27.22561920913974,spawning,Tuolumne
2014,mean_wetted_acres,726.6820748002256,spawning,Tuolumne
2014,mean_spawn_acres,25.72849403864219,spawning,Tuolumne
2015,mean_wetted_acres,717.3452578772951,spawning,Tuolumne
2015,mean_spawn_acres,22.454663784743335,spawning,Tuolumne
2016,mean_wetted_acres,740.1744513391075,spawning,Tuolumne
2016,mean_spawn_acres,26.236262333792208,spawning,Tuolumne
2017,mean_wetted_acres,779.7858793144469,spawning,Tuolumne
2017,mean_spawn_acres,28.400704014708683,spawning,Tuolumne
2018,mean_wetted_acres,786.0160971837943,spawning,Tuolumne
2018,mean_spawn_acres,26.706089480726995,spawning,Tuolumne
2019,mean_wetted_acres,777.6761464266185,spawning,Tuolumne
2019,mean_spawn_acres,28.48228941899972,spawning,Tuolumne
2020,mean_wetted_acres,741.5616557241158,spawning,Tuolumne
2020,mean_spawn_acres,25.9467738601621,spawning,Tuolumne
2021,mean_wetted_acres,715.3736206125619,spawning,Tuolumne
2021,mean_spawn_acres,19.23692559207608,spawning,Tuolumne
2022,mean_wetted_acres,747.2313019351794,spawning,Tuolumne
2022,mean_spawn_acres,24.950602435684917,spawning,Tuolumne
2023,mean_wetted_acres,767.2835512753019,spawning,Tuolumne
2023,mean_spawn_acres,29.440990748086683,spawning,Tuolumne
1966,mean_acres_inundated_wetted_area,94.10919208656416,floodplain,Tuolumne
1966,total_acre_days_wetted_area,14210.48800507118,floodplain,Tuolumne
1966,mean_acres_inundated_wua,55.61049507734,floodplain,Tuolumne
1966,total_acre_days_wua,8397.18475667834,floodplain,Tuolumne
1967,mean_acres_inundated_wetted_area,473.4522129151115,floodplain,Tuolumne
1967,total_acre_days_wetted_area,71491.28415018188,floodplain,Tuolumne
1967,mean_acres_inundated_wua,290.33729735692384,floodplain,Tuolumne
1967,total_acre_days_wua,43840.93190089555,floodplain,Tuolumne
1968,mean_acres_inundated_wetted_area,52.719957175968766,floodplain,Tuolumne
1968,total_acre_days_wetted_area,8013.433490747257,floodplain,Tuolumne
1968,mean_acres_inundated_wua,31.743196507533714,floodplain,Tuolumne
1968,total_acre_days_wua,4824.965869145123,floodplain,Tuolumne
1969,mean_acres_inundated_wetted_area,956.3122952372129,floodplain,Tuolumne
1969,total_acre_days_wetted_area,144403.15658081917,floodplain,Tuolumne
1969,mean_acres_inundated_wua,558.0556421121828,floodplain,Tuolumne
1969,total_acre_days_wua,84266.40195893965,floodplain,Tuolumne
1970,mean_acres_inundated_wetted_area,262.8852364732948,floodplain,Tuolumne
1970,total_acre_days_wetted_area,39695.67070746753,floodplain,Tuolumne
1970,mean_acres_inundated_wua,158.77562676043726,floodplain,Tuolumne
1970,total_acre_days_wua,23975.119640826033,floodplain,Tuolumne
1971,mean_acres_inundated_wetted_area,79.16099684737254,floodplain,Tuolumne
1971,total_acre_days_wetted_area,11953.310523953247,floodplain,Tuolumne
1971,mean_acres_inundated_wua,47.81692278597863,floodplain,Tuolumne
1971,total_acre_days_wua,7220.355340682784,floodplain,Tuolumne
1972,mean_acres_inundated_wetted_area,0.8225047953370891,floodplain,Tuolumne
1972,total_acre_days_wetted_area,125.02072889123735,floodplain,Tuolumne
1972,mean_acres_inundated_wua,0.43168256685893325,floodplain,Tuolumne
1972,total_acre_days_wua,65.61575016255779,floodplain,Tuolumne
1973,mean_acres_inundated_wetted_area,25.541492036750395,floodplain,Tuolumne
1973,total_acre_days_wetted_area,3856.765297549303,floodplain,Tuolumne
1973,mean_acres_inundated_wua,15.283364998693356,floodplain,Tuolumne
1973,total_acre_days_wua,2307.7881148026936,floodplain,Tuolumne
1974,mean_acres_inundated_wetted_area,69.08461849561697,floodplain,Tuolumne
1974,total_acre_days_wetted_area,10431.777392838156,floodplain,Tuolumne
1974,mean_acres_inundated_wua,40.94562815413673,floodplain,Tuolumne
1974,total_acre_days_wua,6182.789851274655,floodplain,Tuolumne
1975,mean_acres_inundated_wetted_area,155.25535161100575,floodplain,Tuolumne
1975,total_acre_days_wetted_area,23443.55809326186,floodplain,Tuolumne
1975,mean_acres_inundated_wua,99.21713414039222,floodplain,Tuolumne
1975,total_acre_days_wua,14981.787255199215,floodplain,Tuolumne
1976,mean_acres_inundated_wetted_area,44.1745432413966,floodplain,Tuolumne
1976,total_acre_days_wetted_area,6714.530572692271,floodplain,Tuolumne
1976,mean_acres_inundated_wua,28.0834643220235,floodplain,Tuolumne
1976,total_acre_days_wua,4268.6865769475635,floodplain,Tuolumne
1977,mean_acres_inundated_wetted_area,0,floodplain,Tuolumne
1977,total_acre_days_wetted_area,0,floodplain,Tuolumne
1977,mean_acres_inundated_wua,0,floodplain,Tuolumne
1977,total_acre_days_wua,0,floodplain,Tuolumne
1978,mean_acres_inundated_wetted_area,137.83436779063507,floodplain,Tuolumne
1978,total_acre_days_wetted_area,20812.989536385907,floodplain,Tuolumne
1978,mean_acres_inundated_wua,86.13722498693426,floodplain,Tuolumne
1978,total_acre_days_wua,13006.720973027053,floodplain,Tuolumne
1979,mean_acres_inundated_wetted_area,312.6478544226693,floodplain,Tuolumne
1979,total_acre_days_wetted_area,47209.826017823085,floodplain,Tuolumne
1979,mean_acres_inundated_wua,199.5887674895871,floodplain,Tuolumne
1979,total_acre_days_wua,30137.903890927664,floodplain,Tuolumne
1980,mean_acres_inundated_wetted_area,686.4311716802823,floodplain,Tuolumne
1980,total_acre_days_wetted_area,104337.53809540288,floodplain,Tuolumne
1980,mean_acres_inundated_wua,412.2941410544052,floodplain,Tuolumne
1980,total_acre_days_wua,62668.70944026959,floodplain,Tuolumne
1981,mean_acres_inundated_wetted_area,90.15686094687048,floodplain,Tuolumne
1981,total_acre_days_wetted_area,13613.686002977443,floodplain,Tuolumne
1981,mean_acres_inundated_wua,54.99503653981656,floodplain,Tuolumne
1981,total_acre_days_wua,8304.250517512293,floodplain,Tuolumne
1982,mean_acres_inundated_wetted_area,815.7763739121845,floodplain,Tuolumne
1982,total_acre_days_wetted_area,123182.23246073986,floodplain,Tuolumne
1982,mean_acres_inundated_wua,480.203316474972,floodplain,Tuolumne
1982,total_acre_days_wua,72510.70078772075,floodplain,Tuolumne
1983,mean_acres_inundated_wetted_area,1420.1310288144132,floodplain,Tuolumne
1983,total_acre_days_wetted_area,214439.78535097692,floodplain,Tuolumne
1983,mean_acres_inundated_wua,805.1587254023435,floodplain,Tuolumne
1983,total_acre_days_wua,121578.96753575368,floodplain,Tuolumne
1984,mean_acres_inundated_wetted_area,461.3523012021585,floodplain,Tuolumne
1984,total_acre_days_wetted_area,70125.54978272808,floodplain,Tuolumne
1984,mean_acres_inundated_wua,282.98872903343005,floodplain,Tuolumne
1984,total_acre_days_wua,43014.286813081366,floodplain,Tuolumne
1985,mean_acres_inundated_wetted_area,53.14541480352939,floodplain,Tuolumne
1985,total_acre_days_wetted_area,8024.957635332922,floodplain,Tuolumne
1985,mean_acres_inundated_wua,31.192841058827394,floodplain,Tuolumne
1985,total_acre_days_wua,4710.118999882939,floodplain,Tuolumne
1986,mean_acres_inundated_wetted_area,527.0638688868835,floodplain,Tuolumne
1986,total_acre_days_wetted_area,79586.64420191942,floodplain,Tuolumne
1986,mean_acres_inundated_wua,319.0354891020614,floodplain,Tuolumne
1986,total_acre_days_wua,48174.35885441128,floodplain,Tuolumne
1987,mean_acres_inundated_wetted_area,11.288536409707177,floodplain,Tuolumne
1987,total_acre_days_wetted_area,1704.5689978657817,floodplain,Tuolumne
1987,mean_acres_inundated_wua,7.064313244235199,floodplain,Tuolumne
1987,total_acre_days_wua,1066.7112998795164,floodplain,Tuolumne
1988,mean_acres_inundated_wetted_area,0,floodplain,Tuolumne
1988,total_acre_days_wetted_area,0,floodplain,Tuolumne
1988,mean_acres_inundated_wua,0,floodplain,Tuolumne
1988,total_acre_days_wua,0,floodplain,Tuolumne
1989,mean_acres_inundated_wetted_area,0,floodplain,Tuolumne
1989,total_acre_days_wetted_area,0,floodplain,Tuolumne
1989,mean_acres_inundated_wua,0,floodplain,Tuolumne
1989,total_acre_days_wua,0,floodplain,Tuolumne
1990,mean_acres_inundated_wetted_area,0,floodplain,Tuolumne
1990,total_acre_days_wetted_area,0,floodplain,Tuolumne
1990,mean_acres_inundated_wua,0,floodplain,Tuolumne
1990,total_acre_days_wua,0,floodplain,Tuolumne
1991,mean_acres_inundated_wetted_area,2.4838555408855085,floodplain,Tuolumne
1991,total_acre_days_wetted_area,375.06218667371206,floodplain,Tuolumne
1991,mean_acres_inundated_wua,1.3036241754150573,floodplain,Tuolumne
1991,total_acre_days_wua,196.84725048767336,floodplain,Tuolumne
1992,mean_acres_inundated_wetted_area,3.190308524828264,floodplain,Tuolumne
1992,total_acre_days_wetted_area,484.92689577389547,floodplain,Tuolumne
1992,mean_acres_inundated_wua,1.9508764382987032,floodplain,Tuolumne
1992,total_acre_days_wua,296.5332186214031,floodplain,Tuolumne
1993,mean_acres_inundated_wetted_area,27.676941929460718,floodplain,Tuolumne
1993,total_acre_days_wetted_area,4179.21823134857,floodplain,Tuolumne
1993,mean_acres_inundated_wua,16.375715205587184,floodplain,Tuolumne
1993,total_acre_days_wua,2472.7329960436655,floodplain,Tuolumne
1994,mean_acres_inundated_wetted_area,0,floodplain,Tuolumne
1994,total_acre_days_wetted_area,0,floodplain,Tuolumne
1994,mean_acres_inundated_wua,0,floodplain,Tuolumne
1994,total_acre_days_wua,0,floodplain,Tuolumne
1995,mean_acres_inundated_wetted_area,928.4847842283309,floodplain,Tuolumne
1995,total_acre_days_wetted_area,140201.202418478,floodplain,Tuolumne
1995,mean_acres_inundated_wua,534.9628041532494,floodplain,Tuolumne
1995,total_acre_days_wua,80779.38342714068,floodplain,Tuolumne
1996,mean_acres_inundated_wetted_area,575.9175259299412,floodplain,Tuolumne
1996,total_acre_days_wetted_area,87539.46394135106,floodplain,Tuolumne
1996,mean_acres_inundated_wua,354.1065748770486,floodplain,Tuolumne
1996,total_acre_days_wua,53824.19938131141,floodplain,Tuolumne
1997,mean_acres_inundated_wetted_area,833.6177199709158,floodplain,Tuolumne
1997,total_acre_days_wetted_area,125876.27571560821,floodplain,Tuolumne
1997,mean_acres_inundated_wua,469.16755413999283,floodplain,Tuolumne
1997,total_acre_days_wua,70844.30067513898,floodplain,Tuolumne
1998,mean_acres_inundated_wetted_area,831.0647827627727,floodplain,Tuolumne
1998,total_acre_days_wetted_area,125490.78219717853,floodplain,Tuolumne
1998,mean_acres_inundated_wua,494.69548970562835,floodplain,Tuolumne
1998,total_acre_days_wua,74699.0189455499,floodplain,Tuolumne
1999,mean_acres_inundated_wetted_area,405.3658646336728,floodplain,Tuolumne
1999,total_acre_days_wetted_area,61210.24555968456,floodplain,Tuolumne
1999,mean_acres_inundated_wua,253.20525171993762,floodplain,Tuolumne
1999,total_acre_days_wua,38233.99300971057,floodplain,Tuolumne
2000,mean_acres_inundated_wetted_area,294.0213428990763,floodplain,Tuolumne
2000,total_acre_days_wetted_area,44691.24412065958,floodplain,Tuolumne
2000,mean_acres_inundated_wua,182.27457967646265,floodplain,Tuolumne
2000,total_acre_days_wua,27705.736110822327,floodplain,Tuolumne
2001,mean_acres_inundated_wetted_area,46.859594536131,floodplain,Tuolumne
2001,total_acre_days_wetted_area,7075.79877495578,floodplain,Tuolumne
2001,mean_acres_inundated_wua,28.51831457486117,floodplain,Tuolumne
2001,total_acre_days_wua,4306.265500804036,floodplain,Tuolumne
2002,mean_acres_inundated_wetted_area,7.664528919732947,floodplain,Tuolumne
2002,total_acre_days_wetted_area,1157.3438668796757,floodplain,Tuolumne
2002,mean_acres_inundated_wua,4.188981135359177,floodplain,Tuolumne
2002,total_acre_days_wua,632.5361514392355,floodplain,Tuolumne
2003,mean_acres_inundated_wetted_area,8.765848611175368,floodplain,Tuolumne
2003,total_acre_days_wetted_area,1323.6431402874787,floodplain,Tuolumne
2003,mean_acres_inundated_wua,4.765796127154414,floodplain,Tuolumne
2003,total_acre_days_wua,719.6352152003168,floodplain,Tuolumne
2004,mean_acres_inundated_wetted_area,41.69802365927595,floodplain,Tuolumne
2004,total_acre_days_wetted_area,6338.099596209937,floodplain,Tuolumne
2004,mean_acres_inundated_wua,24.31087300398005,floodplain,Tuolumne
2004,total_acre_days_wua,3695.2526966049686,floodplain,Tuolumne
2005,mean_acres_inundated_wetted_area,535.6560421365758,floodplain,Tuolumne
2005,total_acre_days_wetted_area,80884.06236262296,floodplain,Tuolumne
2005,mean_acres_inundated_wua,333.36799393544413,floodplain,Tuolumne
2005,total_acre_days_wua,50338.5670842521,floodplain,Tuolumne
2006,mean_acres_inundated_wetted_area,1025.889063306265,floodplain,Tuolumne
2006,total_acre_days_wetted_area,154909.24855924599,floodplain,Tuolumne
2006,mean_acres_inundated_wua,600.0770697754548,floodplain,Tuolumne
2006,total_acre_days_wua,90611.63753609367,floodplain,Tuolumne
2007,mean_acres_inundated_wetted_area,0,floodplain,Tuolumne
2007,total_acre_days_wetted_area,0,floodplain,Tuolumne
2007,mean_acres_inundated_wua,0,floodplain,Tuolumne
2007,total_acre_days_wua,0,floodplain,Tuolumne
2008,mean_acres_inundated_wetted_area,11.652526106782913,floodplain,Tuolumne
2008,total_acre_days_wetted_area,1771.183968231004,floodplain,Tuolumne
2008,mean_acres_inundated_wua,6.273172712846153,floodplain,Tuolumne
2008,total_acre_days_wua,953.522252352615,floodplain,Tuolumne
2009,mean_acres_inundated_wetted_area,0.870692724637246,floodplain,Tuolumne
2009,total_acre_days_wetted_area,131.4746014202241,floodplain,Tuolumne
2009,mean_acres_inundated_wua,0.46234378533052267,floodplain,Tuolumne
2009,total_acre_days_wua,69.8139115849089,floodplain,Tuolumne
2010,mean_acres_inundated_wetted_area,96.43224997010996,floodplain,Tuolumne
2010,total_acre_days_wetted_area,14561.269745486616,floodplain,Tuolumne
2010,mean_acres_inundated_wua,61.324632491533514,floodplain,Tuolumne
2010,total_acre_days_wua,9260.019506221559,floodplain,Tuolumne
2011,mean_acres_inundated_wetted_area,817.1196858960235,floodplain,Tuolumne
2011,total_acre_days_wetted_area,123385.07257029954,floodplain,Tuolumne
2011,mean_acres_inundated_wua,487.9131989868151,floodplain,Tuolumne
2011,total_acre_days_wua,73674.89304700906,floodplain,Tuolumne
2012,mean_acres_inundated_wetted_area,7.260457612056261,floodplain,Tuolumne
2012,total_acre_days_wetted_area,1103.5895570325515,floodplain,Tuolumne
2012,mean_acres_inundated_wua,4.350093394568226,floodplain,Tuolumne
2012,total_acre_days_wua,661.2141959743719,floodplain,Tuolumne
2013,mean_acres_inundated_wetted_area,0,floodplain,Tuolumne
2013,total_acre_days_wetted_area,0,floodplain,Tuolumne
2013,mean_acres_inundated_wua,0,floodplain,Tuolumne
2013,total_acre_days_wua,0,floodplain,Tuolumne
2014,mean_acres_inundated_wetted_area,0,floodplain,Tuolumne
2014,total_acre_days_wetted_area,0,floodplain,Tuolumne
2014,mean_acres_inundated_wua,0,floodplain,Tuolumne
2014,total_acre_days_wua,0,floodplain,Tuolumne
2015,mean_acres_inundated_wetted_area,0,floodplain,Tuolumne
2015,total_acre_days_wetted_area,0,floodplain,Tuolumne
2015,mean_acres_inundated_wua,0,floodplain,Tuolumne
2015,total_acre_days_wua,0,floodplain,Tuolumne
2016,mean_acres_inundated_wetted_area,10.844144011076615,floodplain,Tuolumne
2016,total_acre_days_wetted_area,1648.309889683645,floodplain,Tuolumne
2016,mean_acres_inundated_wua,6.477374827312316,floodplain,Tuolumne
2016,total_acre_days_wua,984.5609737514716,floodplain,Tuolumne
2017,mean_acres_inundated_wetted_area,1667.9765966800962,floodplain,Tuolumne
2017,total_acre_days_wetted_area,251864.4660986951,floodplain,Tuolumne
2017,mean_acres_inundated_wua,927.5601972008803,floodplain,Tuolumne
2017,total_acre_days_wua,140061.58977733276,floodplain,Tuolumne
2018,mean_acres_inundated_wetted_area,167.34319695381512,floodplain,Tuolumne
2018,total_acre_days_wetted_area,25268.822740026102,floodplain,Tuolumne
2018,mean_acres_inundated_wua,105.59834118290588,floodplain,Tuolumne
2018,total_acre_days_wua,15945.349518618776,floodplain,Tuolumne
2019,mean_acres_inundated_wetted_area,617.973606194898,floodplain,Tuolumne
2019,total_acre_days_wetted_area,93314.01453542958,floodplain,Tuolumne
2019,mean_acres_inundated_wua,375.719021873531,floodplain,Tuolumne
2019,total_acre_days_wua,56733.5723029032,floodplain,Tuolumne
2020,mean_acres_inundated_wetted_area,1.9485356961945859,floodplain,Tuolumne
2020,total_acre_days_wetted_area,296.17742582157763,floodplain,Tuolumne
2020,mean_acres_inundated_wua,1.0194664706363679,floodplain,Tuolumne
2020,total_acre_days_wua,154.95890353672803,floodplain,Tuolumne
2021,mean_acres_inundated_wetted_area,2.5462776301682197,floodplain,Tuolumne
2021,total_acre_days_wetted_area,384.4879221554012,floodplain,Tuolumne
2021,mean_acres_inundated_wua,1.487762306996657,floodplain,Tuolumne
2021,total_acre_days_wua,224.6521083564951,floodplain,Tuolumne
2022,mean_acres_inundated_wetted_area,1.9657750570703845,floodplain,Tuolumne
2022,total_acre_days_wetted_area,296.8320336176286,floodplain,Tuolumne
2022,mean_acres_inundated_wua,1.0706501366699426,floodplain,Tuolumne
2022,total_acre_days_wua,161.66817063716115,floodplain,Tuolumne
2023,mean_acres_inundated_wetted_area,1226.4083879896762,floodplain,Tuolumne
2023,total_acre_days_wetted_area,185187.6665864415,floodplain,Tuolumne
2023,mean_acres_inundated_wua,692.8499157343606,floodplain,Tuolumne
2023,total_acre_days_wua,104620.33727588829,floodplain,Tuolumne
2024,mean_acres_inundated_wetted_area,358.63206498273803,floodplain,Tuolumne
2024,total_acre_days_wetted_area,54512.07387737616,floodplain,Tuolumne
2024,mean_acres_inundated_wua,230.71890207637142,floodplain,Tuolumne
2024,total_acre_days_wua,35069.273115608456,floodplain,Tuolumne
1966,mean_wetted_acres,884.501973072937,in_channel,Tuolumne
1966,mean_ic_rearing_acres,293.2932508376985,in_channel,Tuolumne
1967,mean_wetted_acres,1052.210191858628,in_channel,Tuolumne
1967,mean_ic_rearing_acres,149.20655915859126,in_channel,Tuolumne
1968,mean_wetted_acres,853.8920850471118,in_channel,Tuolumne
1968,mean_ic_rearing_acres,314.00024808300407,in_channel,Tuolumne
1969,mean_wetted_acres,1100.210246532549,in_channel,Tuolumne
1969,mean_ic_rearing_acres,100.88155998236061,in_channel,Tuolumne
1970,mean_wetted_acres,929.2899786669293,in_channel,Tuolumne
1970,mean_ic_rearing_acres,248.927725009727,in_channel,Tuolumne
1971,mean_wetted_acres,888.2799450938099,in_channel,Tuolumne
1971,mean_ic_rearing_acres,284.26441291636814,in_channel,Tuolumne
1972,mean_wetted_acres,790.2202208217474,in_channel,Tuolumne
1972,mean_ic_rearing_acres,353.58557781120294,in_channel,Tuolumne
1973,mean_wetted_acres,820.3520424780844,in_channel,Tuolumne
1973,mean_ic_rearing_acres,332.47435614629615,in_channel,Tuolumne
1974,mean_wetted_acres,875.5259197649915,in_channel,Tuolumne
1974,mean_ic_rearing_acres,293.5223025287952,in_channel,Tuolumne
1975,mean_wetted_acres,935.3184380240774,in_channel,Tuolumne
1975,mean_ic_rearing_acres,243.0046208859469,in_channel,Tuolumne
1976,mean_wetted_acres,832.9569006474674,in_channel,Tuolumne
1976,mean_ic_rearing_acres,317.8338845192148,in_channel,Tuolumne
1977,mean_wetted_acres,736.8368461187268,in_channel,Tuolumne
1977,mean_ic_rearing_acres,406.05587752881286,in_channel,Tuolumne
1978,mean_wetted_acres,864.9219642767758,in_channel,Tuolumne
1978,mean_ic_rearing_acres,298.51685104520277,in_channel,Tuolumne
1979,mean_wetted_acres,966.1840581217476,in_channel,Tuolumne
1979,mean_ic_rearing_acres,215.99632115399538,in_channel,Tuolumne
1980,mean_wetted_acres,1085.0369520027366,in_channel,Tuolumne
1980,mean_ic_rearing_acres,116.30121190789514,in_channel,Tuolumne
1981,mean_wetted_acres,891.5785938399742,in_channel,Tuolumne
1981,mean_ic_rearing_acres,283.3432317482357,in_channel,Tuolumne
1982,mean_wetted_acres,1077.5879895942412,in_channel,Tuolumne
1982,mean_ic_rearing_acres,121.42099812723124,in_channel,Tuolumne
1983,mean_wetted_acres,1127.8740455182738,in_channel,Tuolumne
1983,mean_ic_rearing_acres,71.13691696767202,in_channel,Tuolumne
1984,mean_wetted_acres,996.8567469419756,in_channel,Tuolumne
1984,mean_ic_rearing_acres,187.0880669158926,in_channel,Tuolumne
1985,mean_wetted_acres,864.8768938735166,in_channel,Tuolumne
1985,mean_ic_rearing_acres,301.82491522393707,in_channel,Tuolumne
1986,mean_wetted_acres,1015.3528012082652,in_channel,Tuolumne
1986,mean_ic_rearing_acres,169.20869752672812,in_channel,Tuolumne
1987,mean_wetted_acres,819.0613116100355,in_channel,Tuolumne
1987,mean_ic_rearing_acres,326.82606661092655,in_channel,Tuolumne
1988,mean_wetted_acres,740.5294167828362,in_channel,Tuolumne
1988,mean_ic_rearing_acres,401.3237278010735,in_channel,Tuolumne
1989,mean_wetted_acres,732.3436873939092,in_channel,Tuolumne
1989,mean_ic_rearing_acres,406.38393440809585,in_channel,Tuolumne
1990,mean_wetted_acres,741.4446674398051,in_channel,Tuolumne
1990,mean_ic_rearing_acres,403.38399532739174,in_channel,Tuolumne
1991,mean_wetted_acres,749.105105942636,in_channel,Tuolumne
1991,mean_ic_rearing_acres,393.392917237694,in_channel,Tuolumne
1992,mean_wetted_acres,751.2675716474059,in_channel,Tuolumne
1992,mean_ic_rearing_acres,391.85339199235574,in_channel,Tuolumne
1993,mean_wetted_acres,811.456433332911,in_channel,Tuolumne
1993,mean_ic_rearing_acres,343.21112931887563,in_channel,Tuolumne
1994,mean_wetted_acres,783.0864231444565,in_channel,Tuolumne
1994,mean_ic_rearing_acres,366.3328900417657,in_channel,Tuolumne
1995,mean_wetted_acres,1067.2374239267215,in_channel,Tuolumne
1995,mean_ic_rearing_acres,126.42680541989165,in_channel,Tuolumne
1996,mean_wetted_acres,1041.003688410046,in_channel,Tuolumne
1996,mean_ic_rearing_acres,151.657703494022,in_channel,Tuolumne
1997,mean_wetted_acres,1018.365839209399,in_channel,Tuolumne
1997,mean_ic_rearing_acres,165.26515501556966,in_channel,Tuolumne
1998,mean_wetted_acres,1083.5976916071354,in_channel,Tuolumne
1998,mean_ic_rearing_acres,112.51737245004487,in_channel,Tuolumne
1999,mean_wetted_acres,1011.946412188457,in_channel,Tuolumne
1999,mean_ic_rearing_acres,177.3421842370264,in_channel,Tuolumne
2000,mean_wetted_acres,949.5845277115382,in_channel,Tuolumne
2000,mean_ic_rearing_acres,229.60351944153538,in_channel,Tuolumne
2001,mean_wetted_acres,860.7901595692131,in_channel,Tuolumne
2001,mean_ic_rearing_acres,301.91612643026167,in_channel,Tuolumne
2002,mean_wetted_acres,789.5297826950235,in_channel,Tuolumne
2002,mean_ic_rearing_acres,365.8845561941588,in_channel,Tuolumne
2003,mean_wetted_acres,786.4459947118311,in_channel,Tuolumne
2003,mean_ic_rearing_acres,365.8495852581443,in_channel,Tuolumne
2004,mean_wetted_acres,850.2179190260259,in_channel,Tuolumne
2004,mean_ic_rearing_acres,315.8545093508812,in_channel,Tuolumne
2005,mean_wetted_acres,1038.174068554212,in_channel,Tuolumne
2005,mean_ic_rearing_acres,155.8507978651883,in_channel,Tuolumne
2006,mean_wetted_acres,1108.7575543190715,in_channel,Tuolumne
2006,mean_ic_rearing_acres,91.79678626897191,in_channel,Tuolumne
2007,mean_wetted_acres,796.0463293990622,in_channel,Tuolumne
2007,mean_ic_rearing_acres,346.76878568775834,in_channel,Tuolumne
2008,mean_wetted_acres,803.3685935602662,in_channel,Tuolumne
2008,mean_ic_rearing_acres,356.6367339996985,in_channel,Tuolumne
2009,mean_wetted_acres,772.0618680657067,in_channel,Tuolumne
2009,mean_ic_rearing_acres,375.1017382626057,in_channel,Tuolumne
2010,mean_wetted_acres,860.0637326236506,in_channel,Tuolumne
2010,mean_ic_rearing_acres,307.7085776830902,in_channel,Tuolumne
2011,mean_wetted_acres,1099.906237733363,in_channel,Tuolumne
2011,mean_ic_rearing_acres,101.20878284606812,in_channel,Tuolumne
2012,mean_wetted_acres,793.7540241442155,in_channel,Tuolumne
2012,mean_ic_rearing_acres,353.69067504775796,in_channel,Tuolumne
2013,mean_wetted_acres,752.5586511360696,in_channel,Tuolumne
2013,mean_ic_rearing_acres,392.58578697045573,in_channel,Tuolumne
2014,mean_wetted_acres,737.8998592779336,in_channel,Tuolumne
2014,mean_ic_rearing_acres,403.7906232986585,in_channel,Tuolumne
2015,mean_wetted_acres,733.7936585862993,in_channel,Tuolumne
2015,mean_ic_rearing_acres,406.6075102432784,in_channel,Tuolumne
2016,mean_wetted_acres,777.8877576188963,in_channel,Tuolumne
2016,mean_ic_rearing_acres,371.94669459850815,in_channel,Tuolumne
2017,mean_wetted_acres,1127.8310976249452,in_channel,Tuolumne
2017,mean_ic_rearing_acres,69.57103313481036,in_channel,Tuolumne
2018,mean_wetted_acres,889.8457515489764,in_channel,Tuolumne
2018,mean_ic_rearing_acres,284.2114638611639,in_channel,Tuolumne
2019,mean_wetted_acres,1025.248342697176,in_channel,Tuolumne
2019,mean_ic_rearing_acres,164.91613817348718,in_channel,Tuolumne
2020,mean_wetted_acres,782.078978243221,in_channel,Tuolumne
2020,mean_ic_rearing_acres,369.79516768236726,in_channel,Tuolumne
2021,mean_wetted_acres,739.3531602411014,in_channel,Tuolumne
2021,mean_ic_rearing_acres,402.2234411066729,in_channel,Tuolumne
2022,mean_wetted_acres,733.3352277379865,in_channel,Tuolumne
2022,mean_ic_rearing_acres,407.2451778513063,in_channel,Tuolumne
2023,mean_wetted_acres,1104.0822493493645,in_channel,Tuolumne
2023,mean_ic_rearing_acres,96.81346828818812,in_channel,Tuolumne
2024,mean_wetted_acres,1006.1201192895761,in_channel,Tuolumne
2024,mean_ic_rearing_acres,186.55935290849658,in_channel,Tuolumne
1966,mean_wetted_acres,978.6111651595011,total_rearing,Tuolumne
1966,mean_total_rearing_acres,348.9037459150385,total_rearing,Tuolumne
1967,mean_wetted_acres,1525.6624047737394,total_rearing,Tuolumne
1967,mean_total_rearing_acres,439.5438565155151,total_rearing,Tuolumne
1968,mean_wetted_acres,906.6120422230805,total_rearing,Tuolumne
1968,mean_total_rearing_acres,345.7434445905378,total_rearing,Tuolumne
1969,mean_wetted_acres,2056.522541769762,total_rearing,Tuolumne
1969,mean_total_rearing_acres,658.9372020945434,total_rearing,Tuolumne
1970,mean_wetted_acres,1192.1752151402245,total_rearing,Tuolumne
1970,mean_total_rearing_acres,407.70335177016426,total_rearing,Tuolumne
1971,mean_wetted_acres,967.4409419411822,total_rearing,Tuolumne
1971,mean_total_rearing_acres,332.08133570234685,total_rearing,Tuolumne
1972,mean_wetted_acres,791.0427256170844,total_rearing,Tuolumne
1972,mean_total_rearing_acres,354.0172603780619,total_rearing,Tuolumne
1973,mean_wetted_acres,845.8935345148348,total_rearing,Tuolumne
1973,mean_total_rearing_acres,347.7577211449895,total_rearing,Tuolumne
1974,mean_wetted_acres,944.6105382606085,total_rearing,Tuolumne
1974,mean_total_rearing_acres,334.46793068293204,total_rearing,Tuolumne
1975,mean_wetted_acres,1090.5737896350831,total_rearing,Tuolumne
1975,mean_total_rearing_acres,342.2217550263391,total_rearing,Tuolumne
1976,mean_wetted_acres,877.1314438888639,total_rearing,Tuolumne
1976,mean_total_rearing_acres,345.9173488412382,total_rearing,Tuolumne
1977,mean_wetted_acres,736.8368461187268,total_rearing,Tuolumne
1977,mean_total_rearing_acres,406.05587752881286,total_rearing,Tuolumne
1978,mean_wetted_acres,1002.756332067411,total_rearing,Tuolumne
1978,mean_total_rearing_acres,384.65407603213686,total_rearing,Tuolumne
1979,mean_wetted_acres,1278.831912544417,total_rearing,Tuolumne
1979,mean_total_rearing_acres,415.58508864358254,total_rearing,Tuolumne
1980,mean_wetted_acres,1771.468123683019,total_rearing,Tuolumne
1980,mean_total_rearing_acres,528.5953529623004,total_rearing,Tuolumne
1981,mean_wetted_acres,981.7354547868447,total_rearing,Tuolumne
1981,mean_total_rearing_acres,338.33826828805223,total_rearing,Tuolumne
1982,mean_wetted_acres,1893.3643635064257,total_rearing,Tuolumne
1982,mean_total_rearing_acres,601.6243146022032,total_rearing,Tuolumne
1983,mean_wetted_acres,2548.005074332687,total_rearing,Tuolumne
1983,mean_total_rearing_acres,876.2956423700157,total_rearing,Tuolumne
1984,mean_wetted_acres,1458.2090481441337,total_rearing,Tuolumne
1984,mean_total_rearing_acres,470.0767959493226,total_rearing,Tuolumne
1985,mean_wetted_acres,918.0223086770459,total_rearing,Tuolumne
1985,mean_total_rearing_acres,333.0177562827645,total_rearing,Tuolumne
1986,mean_wetted_acres,1542.4166700951487,total_rearing,Tuolumne
1986,mean_total_rearing_acres,488.24418662878946,total_rearing,Tuolumne
1987,mean_wetted_acres,830.3498480197427,total_rearing,Tuolumne
1987,mean_total_rearing_acres,333.89037985516177,total_rearing,Tuolumne
1988,mean_wetted_acres,740.5294167828362,total_rearing,Tuolumne
1988,mean_total_rearing_acres,401.3237278010735,total_rearing,Tuolumne
1989,mean_wetted_acres,732.3436873939092,total_rearing,Tuolumne
1989,mean_total_rearing_acres,406.38393440809585,total_rearing,Tuolumne
1990,mean_wetted_acres,741.4446674398051,total_rearing,Tuolumne
1990,mean_total_rearing_acres,403.38399532739174,total_rearing,Tuolumne
1991,mean_wetted_acres,751.5889614835215,total_rearing,Tuolumne
1991,mean_total_rearing_acres,394.69654141310906,total_rearing,Tuolumne
1992,mean_wetted_acres,754.4578801722342,total_rearing,Tuolumne
1992,mean_total_rearing_acres,393.8042684306544,total_rearing,Tuolumne
1993,mean_wetted_acres,839.1333752623718,total_rearing,Tuolumne
1993,mean_total_rearing_acres,359.5868445244628,total_rearing,Tuolumne
1994,mean_wetted_acres,783.0864231444565,total_rearing,Tuolumne
1994,mean_total_rearing_acres,366.3328900417657,total_rearing,Tuolumne
1995,mean_wetted_acres,1995.7222081550526,total_rearing,Tuolumne
1995,mean_total_rearing_acres,661.389609573141,total_rearing,Tuolumne
1996,mean_wetted_acres,1616.921214339987,total_rearing,Tuolumne
1996,mean_total_rearing_acres,505.76427837107065,total_rearing,Tuolumne
1997,mean_wetted_acres,1851.9835591803137,total_rearing,Tuolumne
1997,mean_total_rearing_acres,634.4327091555626,total_rearing,Tuolumne
1998,mean_wetted_acres,1914.662474369908,total_rearing,Tuolumne
1998,mean_total_rearing_acres,607.2128621556733,total_rearing,Tuolumne
1999,mean_wetted_acres,1417.31227682213,total_rearing,Tuolumne
1999,mean_total_rearing_acres,430.5474359569641,total_rearing,Tuolumne
2000,mean_wetted_acres,1243.6058706106144,total_rearing,Tuolumne
2000,mean_total_rearing_acres,411.87809911799803,total_rearing,Tuolumne
2001,mean_wetted_acres,907.6497541053441,total_rearing,Tuolumne
2001,mean_total_rearing_acres,330.4344410051228,total_rearing,Tuolumne
2002,mean_wetted_acres,797.1943116147564,total_rearing,Tuolumne
2002,mean_total_rearing_acres,370.07353732951793,total_rearing,Tuolumne
2003,mean_wetted_acres,795.2118433230064,total_rearing,Tuolumne
2003,mean_total_rearing_acres,370.61538138529875,total_rearing,Tuolumne
2004,mean_wetted_acres,891.9159426853018,total_rearing,Tuolumne
2004,mean_total_rearing_acres,340.16538235486126,total_rearing,Tuolumne
2005,mean_wetted_acres,1573.830110690788,total_rearing,Tuolumne
2005,mean_total_rearing_acres,489.21879180063246,total_rearing,Tuolumne
2006,mean_wetted_acres,2134.6466176253366,total_rearing,Tuolumne
2006,mean_total_rearing_acres,691.8738560444267,total_rearing,Tuolumne
2007,mean_wetted_acres,796.0463293990622,total_rearing,Tuolumne
2007,mean_total_rearing_acres,346.76878568775834,total_rearing,Tuolumne
2008,mean_wetted_acres,815.0211196670491,total_rearing,Tuolumne
2008,mean_total_rearing_acres,362.9099067125446,total_rearing,Tuolumne
2009,mean_wetted_acres,772.9325607903439,total_rearing,Tuolumne
2009,mean_total_rearing_acres,375.5640820479362,total_rearing,Tuolumne
2010,mean_wetted_acres,956.4959825937607,total_rearing,Tuolumne
2010,mean_total_rearing_acres,369.0332101746237,total_rearing,Tuolumne
2011,mean_wetted_acres,1917.0259236293866,total_rearing,Tuolumne
2011,mean_total_rearing_acres,589.1219818328832,total_rearing,Tuolumne
2012,mean_wetted_acres,801.0144817562718,total_rearing,Tuolumne
2012,mean_total_rearing_acres,358.04076844232617,total_rearing,Tuolumne
2013,mean_wetted_acres,752.5586511360696,total_rearing,Tuolumne
2013,mean_total_rearing_acres,392.58578697045573,total_rearing,Tuolumne
2014,mean_wetted_acres,737.8998592779336,total_rearing,Tuolumne
2014,mean_total_rearing_acres,403.7906232986585,total_rearing,Tuolumne
2015,mean_wetted_acres,733.7936585862993,total_rearing,Tuolumne
2015,mean_total_rearing_acres,406.6075102432784,total_rearing,Tuolumne
2016,mean_wetted_acres,788.731901629973,total_rearing,Tuolumne
2016,mean_total_rearing_acres,378.42406942582045,total_rearing,Tuolumne
2017,mean_wetted_acres,2795.807694305041,total_rearing,Tuolumne
2017,mean_total_rearing_acres,997.1312303356907,total_rearing,Tuolumne
2018,mean_wetted_acres,1057.1889485027916,total_rearing,Tuolumne
2018,mean_total_rearing_acres,389.8098050440697,total_rearing,Tuolumne
2019,mean_wetted_acres,1643.221948892074,total_rearing,Tuolumne
2019,mean_total_rearing_acres,540.6351600470182,total_rearing,Tuolumne
2020,mean_wetted_acres,784.0275139394155,total_rearing,Tuolumne
2020,mean_total_rearing_acres,370.8146341530036,total_rearing,Tuolumne
2021,mean_wetted_acres,741.8994378712696,total_rearing,Tuolumne
2021,mean_total_rearing_acres,403.7112034136696,total_rearing,Tuolumne
2022,mean_wetted_acres,735.3010027950569,total_rearing,Tuolumne
2022,mean_total_rearing_acres,408.31582798797626,total_rearing,Tuolumne
2023,mean_wetted_acres,2330.490637339041,total_rearing,Tuolumne
2023,mean_total_rearing_acres,789.6633840225484,total_rearing,Tuolumne
2024,mean_wetted_acres,1364.7521842723143,total_rearing,Tuolumne
2024,mean_total_rearing_acres,417.278254984868,total_rearing,Tuolumne
