year,stream,value,covariate,covariate_type
1961,American River,12.230645161290322,mean_spawn_temp_oct_dec,temperature
1962,American River,12.883695652173914,mean_spawn_temp_oct_dec,temperature
1963,American River,13.385869565217392,mean_spawn_temp_oct_dec,temperature
1964,American River,13.513043478260867,mean_spawn_temp_oct_dec,temperature
1965,American River,13.618478260869566,mean_spawn_temp_oct_dec,temperature
1966,American River,13.65108695652174,mean_spawn_temp_oct_dec,temperature
1966,Sacramento River,12.996739130434783,mean_spawn_temp_oct_dec,temperature
1967,American River,14.652173913043475,mean_spawn_temp_oct_dec,temperature
1967,Sacramento River,11.644444444444442,mean_spawn_temp_oct_dec,temperature
1968,American River,14.858695652173916,mean_spawn_temp_oct_dec,temperature
1968,Sacramento River,12.402173913043477,mean_spawn_temp_oct_dec,temperature
1969,American River,14.142857142857146,mean_spawn_temp_oct_dec,temperature
1969,Sacramento River,12.766304347826088,mean_spawn_temp_oct_dec,temperature
1969,Yuba River,12.088501291989665,mean_spawn_temp_oct_dec,temperature
1970,American River,13.285714285714285,mean_spawn_temp_oct_dec,temperature
1970,Sacramento River,12.494565217391301,mean_spawn_temp_oct_dec,temperature
1970,Yuba River,11.785024154589372,mean_spawn_temp_oct_dec,temperature
1971,American River,13.046739130434784,mean_spawn_temp_oct_dec,temperature
1971,Sacramento River,11.543478260869566,mean_spawn_temp_oct_dec,temperature
1971,Yuba River,12.179347826086957,mean_spawn_temp_oct_dec,temperature
1972,American River,11.906666666666666,mean_spawn_temp_oct_dec,temperature
1972,Sacramento River,11.668478260869566,mean_spawn_temp_oct_dec,temperature
1972,Yuba River,12.070652173913045,mean_spawn_temp_oct_dec,temperature
1973,American River,12.633695652173913,mean_spawn_temp_oct_dec,temperature
1973,Sacramento River,12.983695652173914,mean_spawn_temp_oct_dec,temperature
1973,Yuba River,12.449275362318842,mean_spawn_temp_oct_dec,temperature
1974,American River,14.722826086956522,mean_spawn_temp_oct_dec,temperature
1974,Sacramento River,12.326086956521742,mean_spawn_temp_oct_dec,temperature
1974,Yuba River,13.408212560386474,mean_spawn_temp_oct_dec,temperature
1975,American River,13.398913043478261,mean_spawn_temp_oct_dec,temperature
1975,Sacramento River,12.315217391304351,mean_spawn_temp_oct_dec,temperature
1975,Yuba River,12.96195652173913,mean_spawn_temp_oct_dec,temperature
1976,American River,14.490217391304348,mean_spawn_temp_oct_dec,temperature
1976,Sacramento River,12.22857142857143,mean_spawn_temp_oct_dec,temperature
1976,Yuba River,13.306159420289855,mean_spawn_temp_oct_dec,temperature
1977,American River,17.067391304347826,mean_spawn_temp_oct_dec,temperature
1977,Sacramento River,12.847368421052632,mean_spawn_temp_oct_dec,temperature
1977,Yuba River,14.88707729468599,mean_spawn_temp_oct_dec,temperature
1978,American River,12.86413043478261,mean_spawn_temp_oct_dec,temperature
1978,Sacramento River,12.13695652173913,mean_spawn_temp_oct_dec,temperature
1978,Yuba River,12.699275362318842,mean_spawn_temp_oct_dec,temperature
1979,Sacramento River,12.91529411764706,mean_spawn_temp_oct_dec,temperature
1979,Yuba River,12.551932367149758,mean_spawn_temp_oct_dec,temperature
1980,Sacramento River,13.168478260869566,mean_spawn_temp_oct_dec,temperature
1980,Yuba River,12.33635265700483,mean_spawn_temp_oct_dec,temperature
1981,Sacramento River,13.920652173913043,mean_spawn_temp_oct_dec,temperature
1981,Yuba River,12.022946859903382,mean_spawn_temp_oct_dec,temperature
1982,Sacramento River,12.343478260869563,mean_spawn_temp_oct_dec,temperature
1982,Yuba River,11.406400966183575,mean_spawn_temp_oct_dec,temperature
1983,Sacramento River,13.184782608695649,mean_spawn_temp_oct_dec,temperature
1983,Yuba River,12.534420289855074,mean_spawn_temp_oct_dec,temperature
1984,Sacramento River,12.23913043478261,mean_spawn_temp_oct_dec,temperature
1984,Yuba River,11.493357487922705,mean_spawn_temp_oct_dec,temperature
1985,Sacramento River,12.097826086956522,mean_spawn_temp_oct_dec,temperature
1985,Yuba River,10.977657004830919,mean_spawn_temp_oct_dec,temperature
1986,Sacramento River,13.146739130434785,mean_spawn_temp_oct_dec,temperature
1986,Yuba River,12.079106280193237,mean_spawn_temp_oct_dec,temperature
1987,Sacramento River,13.809782608695649,mean_spawn_temp_oct_dec,temperature
1987,Yuba River,12.53985507246377,mean_spawn_temp_oct_dec,temperature
1988,Sacramento River,13.864130434782604,mean_spawn_temp_oct_dec,temperature
1988,Yuba River,12.373188405797102,mean_spawn_temp_oct_dec,temperature
1989,Sacramento River,13.38586956521739,mean_spawn_temp_oct_dec,temperature
1989,Yuba River,12.033816425120774,mean_spawn_temp_oct_dec,temperature
1990,Sacramento River,12.478021978021973,mean_spawn_temp_oct_dec,temperature
1990,Yuba River,12.196859903381643,mean_spawn_temp_oct_dec,temperature
1991,Sacramento River,13.6304347826087,mean_spawn_temp_oct_dec,temperature
1991,Yuba River,12.35084541062802,mean_spawn_temp_oct_dec,temperature
1992,Sacramento River,12.544117647058822,mean_spawn_temp_oct_dec,temperature
1992,Yuba River,12.564613526570048,mean_spawn_temp_oct_dec,temperature
1993,Sacramento River,12.61413043478261,mean_spawn_temp_oct_dec,temperature
1993,Yuba River,12.531400966183575,mean_spawn_temp_oct_dec,temperature
1994,Sacramento River,11.82558139534884,mean_spawn_temp_oct_dec,temperature
1994,Yuba River,11.970410628019325,mean_spawn_temp_oct_dec,temperature
1995,Sacramento River,11.694444444444446,mean_spawn_temp_oct_dec,temperature
1995,Yuba River,12.623188405797102,mean_spawn_temp_oct_dec,temperature
1996,Sacramento River,13.554347826086959,mean_spawn_temp_oct_dec,temperature
1996,Yuba River,11.458937198067634,mean_spawn_temp_oct_dec,temperature
1997,Sacramento River,13.135869565217392,mean_spawn_temp_oct_dec,temperature
1997,Yuba River,12.41364734299517,mean_spawn_temp_oct_dec,temperature
1998,American River,13.261904761904765,mean_spawn_temp_oct_dec,temperature
1998,Sacramento River,12.1,mean_spawn_temp_oct_dec,temperature
1998,Yuba River,11.552536231884059,mean_spawn_temp_oct_dec,temperature
1999,American River,15.427777777777777,mean_spawn_temp_oct_dec,temperature
1999,Sacramento River,12.907608695652176,mean_spawn_temp_oct_dec,temperature
1999,Yuba River,13.108091787439614,mean_spawn_temp_oct_dec,temperature
2000,American River,15.103260869565215,mean_spawn_temp_oct_dec,temperature
2000,Sacramento River,12.836956521739133,mean_spawn_temp_oct_dec,temperature
2000,Yuba River,12.269927536231885,mean_spawn_temp_oct_dec,temperature
2001,American River,16.72826086956522,mean_spawn_temp_oct_dec,temperature
2001,Sacramento River,13.510869565217396,mean_spawn_temp_oct_dec,temperature
2001,Yuba River,12.555555555555555,mean_spawn_temp_oct_dec,temperature
2002,American River,14.728260869565215,mean_spawn_temp_oct_dec,temperature
2002,Sacramento River,12.956521739130434,mean_spawn_temp_oct_dec,temperature
2002,Yuba River,11.466787439613528,mean_spawn_temp_oct_dec,temperature
2003,American River,14.923913043478258,mean_spawn_temp_oct_dec,temperature
2003,Feather River,12.870772946859903,mean_spawn_temp_oct_dec,temperature
2003,Mokelumne River,14.85,mean_spawn_temp_oct_dec,temperature
2003,Sacramento River,13.445652173913041,mean_spawn_temp_oct_dec,temperature
2003,Yuba River,12.03683574879227,mean_spawn_temp_oct_dec,temperature
2004,American River,14.565217391304351,mean_spawn_temp_oct_dec,temperature
2004,Feather River,12.541062801932368,mean_spawn_temp_oct_dec,temperature
2004,Mokelumne River,13.578260869565218,mean_spawn_temp_oct_dec,temperature
2004,Sacramento River,13.178160919540229,mean_spawn_temp_oct_dec,temperature
2004,Yuba River,12.369565217391305,mean_spawn_temp_oct_dec,temperature
2005,American River,13.875,mean_spawn_temp_oct_dec,temperature
2005,Feather River,12.701690821256038,mean_spawn_temp_oct_dec,temperature
2005,Mokelumne River,14.747826086956522,mean_spawn_temp_oct_dec,temperature
2005,Sacramento River,13.298913043478258,mean_spawn_temp_oct_dec,temperature
2005,Yuba River,11.645531400966183,mean_spawn_temp_oct_dec,temperature
2006,American River,14.53695652173913,mean_spawn_temp_oct_dec,temperature
2006,Mokelumne River,15.906521739130435,mean_spawn_temp_oct_dec,temperature
2006,Sacramento River,12.66304347826087,mean_spawn_temp_oct_dec,temperature
2006,Yuba River,11.652777777777779,mean_spawn_temp_oct_dec,temperature
2007,American River,14.581521739130435,mean_spawn_temp_oct_dec,temperature
2007,Mokelumne River,14.079347826086956,mean_spawn_temp_oct_dec,temperature
2007,Sacramento River,12.696666666666667,mean_spawn_temp_oct_dec,temperature
2007,Yuba River,12.215579710144928,mean_spawn_temp_oct_dec,temperature
2008,American River,14.81195652173913,mean_spawn_temp_oct_dec,temperature
2008,Mokelumne River,13.479012345679012,mean_spawn_temp_oct_dec,temperature
2008,Sacramento River,13.38695652173913,mean_spawn_temp_oct_dec,temperature
2008,Yuba River,12.292270531400966,mean_spawn_temp_oct_dec,temperature
2009,American River,14.015217391304349,mean_spawn_temp_oct_dec,temperature
2009,Mokelumne River,14.177011494252874,mean_spawn_temp_oct_dec,temperature
2009,Sacramento River,13.163414634146342,mean_spawn_temp_oct_dec,temperature
2009,Yuba River,11.457125603864736,mean_spawn_temp_oct_dec,temperature
2010,American River,13.752173913043478,mean_spawn_temp_oct_dec,temperature
2010,Mokelumne River,14.946666666666667,mean_spawn_temp_oct_dec,temperature
2010,Sacramento River,13.027173913043478,mean_spawn_temp_oct_dec,temperature
2010,Yuba River,12.056763285024154,mean_spawn_temp_oct_dec,temperature
2011,American River,14.017391304347827,mean_spawn_temp_oct_dec,temperature
2011,Mokelumne River,13.704395604395604,mean_spawn_temp_oct_dec,temperature
2011,Sacramento River,12.044565217391304,mean_spawn_temp_oct_dec,temperature
2011,Yuba River,11.923913043478262,mean_spawn_temp_oct_dec,temperature
2012,American River,14.267391304347827,mean_spawn_temp_oct_dec,temperature
2012,Mokelumne River,14.15056179775281,mean_spawn_temp_oct_dec,temperature
2012,Sacramento River,13.058823529411766,mean_spawn_temp_oct_dec,temperature
2012,Yuba River,12.105072463768117,mean_spawn_temp_oct_dec,temperature
2013,American River,14.23804347826087,mean_spawn_temp_oct_dec,temperature
2013,Mokelumne River,13.18695652173913,mean_spawn_temp_oct_dec,temperature
2013,Sacramento River,12.270652173913044,mean_spawn_temp_oct_dec,temperature
2013,Yuba River,11.67512077294686,mean_spawn_temp_oct_dec,temperature
2014,American River,15.369565217391305,mean_spawn_temp_oct_dec,temperature
2014,Mokelumne River,15.11978021978022,mean_spawn_temp_oct_dec,temperature
2014,Sacramento River,15.144565217391303,mean_spawn_temp_oct_dec,temperature
2014,Yuba River,12.868961352657005,mean_spawn_temp_oct_dec,temperature
2015,American River,14.73804347826087,mean_spawn_temp_oct_dec,temperature
2015,Mokelumne River,14.167391304347827,mean_spawn_temp_oct_dec,temperature
2015,Sacramento River,13.617391304347825,mean_spawn_temp_oct_dec,temperature
2015,Yuba River,12.427536231884059,mean_spawn_temp_oct_dec,temperature
2016,American River,14.357608695652173,mean_spawn_temp_oct_dec,temperature
2016,Mokelumne River,14.08695652173913,mean_spawn_temp_oct_dec,temperature
2016,Sacramento River,12.709782608695653,mean_spawn_temp_oct_dec,temperature
2016,Yuba River,11.684178743961352,mean_spawn_temp_oct_dec,temperature
2017,American River,14.252173913043478,mean_spawn_temp_oct_dec,temperature
2017,Mokelumne River,16.005434782608695,mean_spawn_temp_oct_dec,temperature
2017,Sacramento River,12.53804347826087,mean_spawn_temp_oct_dec,temperature
2018,American River,14.696739130434782,mean_spawn_temp_oct_dec,temperature
2018,Feather River,11.471264367816092,mean_spawn_temp_oct_dec,temperature
2018,Mokelumne River,14.875,mean_spawn_temp_oct_dec,temperature
2018,Sacramento River,13.1,mean_spawn_temp_oct_dec,temperature
2019,American River,14.082608695652175,mean_spawn_temp_oct_dec,temperature
2019,Feather River,11.13828502415459,mean_spawn_temp_oct_dec,temperature
2019,Mokelumne River,15.272826086956522,mean_spawn_temp_oct_dec,temperature
2019,Sacramento River,12.603260869565217,mean_spawn_temp_oct_dec,temperature
2020,American River,15.011956521739132,mean_spawn_temp_oct_dec,temperature
2020,Feather River,11.945652173913043,mean_spawn_temp_oct_dec,temperature
2020,Mokelumne River,14.43804347826087,mean_spawn_temp_oct_dec,temperature
2020,Sacramento River,12.764705882352942,mean_spawn_temp_oct_dec,temperature
2021,American River,14.679347826086957,mean_spawn_temp_oct_dec,temperature
2021,Feather River,10.453502415458937,mean_spawn_temp_oct_dec,temperature
2021,Mokelumne River,15.543478260869565,mean_spawn_temp_oct_dec,temperature
2021,Sacramento River,13.481318681318681,mean_spawn_temp_oct_dec,temperature
2022,American River,15.2125,mean_spawn_temp_oct_dec,temperature
2022,Feather River,12.544082125603865,mean_spawn_temp_oct_dec,temperature
2022,Mokelumne River,14.710869565217392,mean_spawn_temp_oct_dec,temperature
2022,Sacramento River,13.391304347826086,mean_spawn_temp_oct_dec,temperature
2023,Feather River,11.67572463768116,mean_spawn_temp_oct_dec,temperature
1961,American River,14.103225806451613,mean_spawn_temp_oct_nov,temperature
1962,American River,13.931147540983607,mean_spawn_temp_oct_nov,temperature
1963,American River,15.501639344262296,mean_spawn_temp_oct_nov,temperature
1964,American River,14.986885245901638,mean_spawn_temp_oct_nov,temperature
1965,American River,14.804918032786885,mean_spawn_temp_oct_nov,temperature
1966,American River,15.081967213114755,mean_spawn_temp_oct_nov,temperature
1966,Sacramento River,14.313114754098361,mean_spawn_temp_oct_nov,temperature
1967,American River,16.65573770491803,mean_spawn_temp_oct_nov,temperature
1967,Sacramento River,13.389830508474578,mean_spawn_temp_oct_nov,temperature
1968,American River,16.18032786885246,mean_spawn_temp_oct_nov,temperature
1968,Sacramento River,14.442622950819674,mean_spawn_temp_oct_nov,temperature
1969,American River,15.057377049180328,mean_spawn_temp_oct_nov,temperature
1969,Sacramento River,13.286885245901638,mean_spawn_temp_oct_nov,temperature
1969,Yuba River,13.149494949494951,mean_spawn_temp_oct_nov,temperature
1970,American River,14.867924528301888,mean_spawn_temp_oct_nov,temperature
1970,Sacramento River,13.795081967213115,mean_spawn_temp_oct_nov,temperature
1970,Yuba River,13.28233151183971,mean_spawn_temp_oct_nov,temperature
1971,American River,14.514754098360656,mean_spawn_temp_oct_nov,temperature
1971,Sacramento River,12.983606557377048,mean_spawn_temp_oct_nov,temperature
1971,Yuba River,13.367030965391622,mean_spawn_temp_oct_nov,temperature
1972,American River,14.8,mean_spawn_temp_oct_nov,temperature
1972,Sacramento River,13.467213114754095,mean_spawn_temp_oct_nov,temperature
1972,Yuba River,13.902550091074682,mean_spawn_temp_oct_nov,temperature
1973,American River,14.055737704918032,mean_spawn_temp_oct_nov,temperature
1973,Sacramento River,14.09016393442623,mean_spawn_temp_oct_nov,temperature
1973,Yuba River,13.867941712204008,mean_spawn_temp_oct_nov,temperature
1974,American River,15.872131147540983,mean_spawn_temp_oct_nov,temperature
1974,Sacramento River,13.549180327868852,mean_spawn_temp_oct_nov,temperature
1974,Yuba River,14.584699453551913,mean_spawn_temp_oct_nov,temperature
1975,American River,14.277049180327868,mean_spawn_temp_oct_nov,temperature
1975,Sacramento River,13.303278688524589,mean_spawn_temp_oct_nov,temperature
1975,Yuba River,14.252276867030966,mean_spawn_temp_oct_nov,temperature
1976,American River,15.80327868852459,mean_spawn_temp_oct_nov,temperature
1976,Sacramento River,15.668750000000001,mean_spawn_temp_oct_nov,temperature
1976,Yuba River,14.60200364298725,mean_spawn_temp_oct_nov,temperature
1977,American River,19.004918032786886,mean_spawn_temp_oct_nov,temperature
1977,Sacramento River,14.535555555555556,mean_spawn_temp_oct_nov,temperature
1977,Yuba River,16.620218579234972,mean_spawn_temp_oct_nov,temperature
1978,American River,14.032786885245901,mean_spawn_temp_oct_nov,temperature
1978,Sacramento River,14.167213114754098,mean_spawn_temp_oct_nov,temperature
1978,Yuba River,13.989981785063753,mean_spawn_temp_oct_nov,temperature
1979,Sacramento River,14.527586206896553,mean_spawn_temp_oct_nov,temperature
1979,Yuba River,13.83424408014572,mean_spawn_temp_oct_nov,temperature
1980,Sacramento River,14.60327868852459,mean_spawn_temp_oct_nov,temperature
1980,Yuba River,13.44353369763206,mean_spawn_temp_oct_nov,temperature
1981,Sacramento River,15.459016393442623,mean_spawn_temp_oct_nov,temperature
1981,Yuba River,13.27049180327869,mean_spawn_temp_oct_nov,temperature
1982,Sacramento River,13.680327868852459,mean_spawn_temp_oct_nov,temperature
1982,Yuba River,12.796903460837887,mean_spawn_temp_oct_nov,temperature
1983,Sacramento River,14.565573770491802,mean_spawn_temp_oct_nov,temperature
1983,Yuba River,14.013661202185792,mean_spawn_temp_oct_nov,temperature
1984,Sacramento River,13.729508196721312,mean_spawn_temp_oct_nov,temperature
1984,Yuba River,12.806010928961749,mean_spawn_temp_oct_nov,temperature
1985,Sacramento River,13.901639344262296,mean_spawn_temp_oct_nov,temperature
1985,Yuba River,12.458105646630237,mean_spawn_temp_oct_nov,temperature
1986,Sacramento River,14.754098360655737,mean_spawn_temp_oct_nov,temperature
1986,Yuba River,13.169398907103826,mean_spawn_temp_oct_nov,temperature
1987,Sacramento River,16.237704918032783,mean_spawn_temp_oct_nov,temperature
1987,Yuba River,13.845173041894354,mean_spawn_temp_oct_nov,temperature
1988,Sacramento River,15.827868852459014,mean_spawn_temp_oct_nov,temperature
1988,Yuba River,13.929872495446267,mean_spawn_temp_oct_nov,temperature
1989,Sacramento River,15.065573770491802,mean_spawn_temp_oct_nov,temperature
1989,Yuba River,13.288706739526411,mean_spawn_temp_oct_nov,temperature
1990,Sacramento River,14.708333333333334,mean_spawn_temp_oct_nov,temperature
1990,Yuba River,13.539162112932605,mean_spawn_temp_oct_nov,temperature
1991,Sacramento River,15.754098360655739,mean_spawn_temp_oct_nov,temperature
1991,Yuba River,13.63752276867031,mean_spawn_temp_oct_nov,temperature
1992,Sacramento River,19.26923076923077,mean_spawn_temp_oct_nov,temperature
1992,Yuba River,13.956284153005464,mean_spawn_temp_oct_nov,temperature
1993,Sacramento River,14.098360655737704,mean_spawn_temp_oct_nov,temperature
1993,Yuba River,13.79872495446266,mean_spawn_temp_oct_nov,temperature
1994,Sacramento River,13.131147540983608,mean_spawn_temp_oct_nov,temperature
1994,Yuba River,13.535519125683061,mean_spawn_temp_oct_nov,temperature
1995,Sacramento River,15.7,mean_spawn_temp_oct_nov,temperature
1995,Yuba River,13.450819672131148,mean_spawn_temp_oct_nov,temperature
1996,Sacramento River,14.934426229508198,mean_spawn_temp_oct_nov,temperature
1996,Yuba River,12.640255009107468,mean_spawn_temp_oct_nov,temperature
1997,Sacramento River,15.114754098360656,mean_spawn_temp_oct_nov,temperature
1997,Yuba River,13.475409836065575,mean_spawn_temp_oct_nov,temperature
1998,American River,15.15625,mean_spawn_temp_oct_nov,temperature
1998,Sacramento River,13,mean_spawn_temp_oct_nov,temperature
1998,Yuba River,12.633879781420765,mean_spawn_temp_oct_nov,temperature
1999,American River,16.73728813559322,mean_spawn_temp_oct_nov,temperature
1999,Sacramento River,14.426229508196723,mean_spawn_temp_oct_nov,temperature
1999,Yuba River,14.235883424408016,mean_spawn_temp_oct_nov,temperature
2000,American River,16.713114754098363,mean_spawn_temp_oct_nov,temperature
2000,Sacramento River,14.049180327868852,mean_spawn_temp_oct_nov,temperature
2000,Yuba River,13.489981785063753,mean_spawn_temp_oct_nov,temperature
2001,American River,18.90983606557377,mean_spawn_temp_oct_nov,temperature
2001,Sacramento River,15.622950819672134,mean_spawn_temp_oct_nov,temperature
2001,Yuba River,13.946265938069217,mean_spawn_temp_oct_nov,temperature
2002,American River,16.122950819672134,mean_spawn_temp_oct_nov,temperature
2002,Sacramento River,14.508196721311474,mean_spawn_temp_oct_nov,temperature
2002,Yuba River,12.4735883424408,mean_spawn_temp_oct_nov,temperature
2003,American River,16.31967213114754,mean_spawn_temp_oct_nov,temperature
2003,Feather River,14.1775956284153,mean_spawn_temp_oct_nov,temperature
2003,Mokelumne River,15.87704918032787,mean_spawn_temp_oct_nov,temperature
2003,Sacramento River,14.967213114754095,mean_spawn_temp_oct_nov,temperature
2003,Yuba River,13.087431693989071,mean_spawn_temp_oct_nov,temperature
2004,American River,16.40983606557377,mean_spawn_temp_oct_nov,temperature
2004,Feather River,13.7959927140255,mean_spawn_temp_oct_nov,temperature
2004,Mokelumne River,14.668852459016394,mean_spawn_temp_oct_nov,temperature
2004,Sacramento River,15.035714285714286,mean_spawn_temp_oct_nov,temperature
2004,Yuba River,13.60655737704918,mean_spawn_temp_oct_nov,temperature
2005,American River,15.155737704918034,mean_spawn_temp_oct_nov,temperature
2005,Feather River,13.72768670309654,mean_spawn_temp_oct_nov,temperature
2005,Mokelumne River,15.650819672131147,mean_spawn_temp_oct_nov,temperature
2005,Sacramento River,14.893442622950818,mean_spawn_temp_oct_nov,temperature
2005,Yuba River,12.85336976320583,mean_spawn_temp_oct_nov,temperature
2006,American River,15.957377049180328,mean_spawn_temp_oct_nov,temperature
2006,Mokelumne River,17.550819672131148,mean_spawn_temp_oct_nov,temperature
2006,Sacramento River,14.326229508196722,mean_spawn_temp_oct_nov,temperature
2006,Yuba River,12.642987249544626,mean_spawn_temp_oct_nov,temperature
2007,American River,16.24754098360656,mean_spawn_temp_oct_nov,temperature
2007,Mokelumne River,15.270491803278688,mean_spawn_temp_oct_nov,temperature
2007,Sacramento River,14.59322033898305,mean_spawn_temp_oct_nov,temperature
2007,Yuba River,13.319672131147541,mean_spawn_temp_oct_nov,temperature
2008,American River,16.560655737704916,mean_spawn_temp_oct_nov,temperature
2008,Mokelumne River,14.805882352941177,mean_spawn_temp_oct_nov,temperature
2008,Sacramento River,15.431147540983607,mean_spawn_temp_oct_nov,temperature
2008,Yuba River,13.404371584699454,mean_spawn_temp_oct_nov,temperature
2009,American River,15.762295081967213,mean_spawn_temp_oct_nov,temperature
2009,Mokelumne River,15.283928571428572,mean_spawn_temp_oct_nov,temperature
2009,Sacramento River,14.727868852459016,mean_spawn_temp_oct_nov,temperature
2009,Yuba River,12.643897996357014,mean_spawn_temp_oct_nov,temperature
2010,American River,15.39344262295082,mean_spawn_temp_oct_nov,temperature
2010,Mokelumne River,15.941666666666666,mean_spawn_temp_oct_nov,temperature
2010,Sacramento River,14.272131147540984,mean_spawn_temp_oct_nov,temperature
2010,Yuba River,13.50728597449909,mean_spawn_temp_oct_nov,temperature
2011,American River,15.437704918032788,mean_spawn_temp_oct_nov,temperature
2011,Mokelumne River,15.175409836065574,mean_spawn_temp_oct_nov,temperature
2011,Sacramento River,13.62295081967213,mean_spawn_temp_oct_nov,temperature
2011,Yuba River,13.035519125683061,mean_spawn_temp_oct_nov,temperature
2012,American River,15.878688524590164,mean_spawn_temp_oct_nov,temperature
2012,Mokelumne River,14.839344262295082,mean_spawn_temp_oct_nov,temperature
2012,Sacramento River,15.237037037037037,mean_spawn_temp_oct_nov,temperature
2012,Yuba River,13.332422586520948,mean_spawn_temp_oct_nov,temperature
2013,American River,15.837704918032786,mean_spawn_temp_oct_nov,temperature
2013,Mokelumne River,14.21967213114754,mean_spawn_temp_oct_nov,temperature
2013,Sacramento River,14.283606557377048,mean_spawn_temp_oct_nov,temperature
2013,Yuba River,12.728597449908925,mean_spawn_temp_oct_nov,temperature
2014,American River,16.529508196721313,mean_spawn_temp_oct_nov,temperature
2014,Mokelumne River,16.011475409836066,mean_spawn_temp_oct_nov,temperature
2014,Sacramento River,16.74590163934426,mean_spawn_temp_oct_nov,temperature
2014,Yuba River,14.022768670309654,mean_spawn_temp_oct_nov,temperature
2015,American River,16.765573770491805,mean_spawn_temp_oct_nov,temperature
2015,Mokelumne River,15.854098360655739,mean_spawn_temp_oct_nov,temperature
2015,Sacramento River,15.588524590163935,mean_spawn_temp_oct_nov,temperature
2015,Yuba River,13.781420765027322,mean_spawn_temp_oct_nov,temperature
2016,American River,15.99344262295082,mean_spawn_temp_oct_nov,temperature
2016,Mokelumne River,14.637704918032787,mean_spawn_temp_oct_nov,temperature
2016,Sacramento River,14.527868852459017,mean_spawn_temp_oct_nov,temperature
2016,Yuba River,13.308743169398907,mean_spawn_temp_oct_nov,temperature
2017,American River,15.70983606557377,mean_spawn_temp_oct_nov,temperature
2017,Mokelumne River,17.8,mean_spawn_temp_oct_nov,temperature
2017,Sacramento River,14.075409836065575,mean_spawn_temp_oct_nov,temperature
2018,American River,16.127868852459017,mean_spawn_temp_oct_nov,temperature
2018,Feather River,12.012896825396826,mean_spawn_temp_oct_nov,temperature
2018,Mokelumne River,15.675409836065574,mean_spawn_temp_oct_nov,temperature
2018,Sacramento River,14.388524590163934,mean_spawn_temp_oct_nov,temperature
2019,American River,15.222950819672132,mean_spawn_temp_oct_nov,temperature
2019,Feather River,11.7040072859745,mean_spawn_temp_oct_nov,temperature
2019,Mokelumne River,16.224590163934426,mean_spawn_temp_oct_nov,temperature
2019,Sacramento River,13.675409836065574,mean_spawn_temp_oct_nov,temperature
2020,American River,16.48032786885246,mean_spawn_temp_oct_nov,temperature
2020,Feather River,12.387067395264117,mean_spawn_temp_oct_nov,temperature
2020,Mokelumne River,15.134426229508197,mean_spawn_temp_oct_nov,temperature
2020,Sacramento River,14.385185185185186,mean_spawn_temp_oct_nov,temperature
2021,American River,16.181967213114753,mean_spawn_temp_oct_nov,temperature
2021,Feather River,10.806921675774134,mean_spawn_temp_oct_nov,temperature
2021,Mokelumne River,16.69344262295082,mean_spawn_temp_oct_nov,temperature
2021,Sacramento River,15.285,mean_spawn_temp_oct_nov,temperature
2022,American River,16.39344262295082,mean_spawn_temp_oct_nov,temperature
2022,Feather River,13.474499089253188,mean_spawn_temp_oct_nov,temperature
2022,Mokelumne River,15.931147540983607,mean_spawn_temp_oct_nov,temperature
2022,Sacramento River,15.455737704918034,mean_spawn_temp_oct_nov,temperature
2023,Feather River,12.0591985428051,mean_spawn_temp_oct_nov,temperature
1962,American River,11.355999999999998,mean_rear_temp_feb_june,temperature
1963,American River,12.433644859813082,mean_rear_temp_feb_june,temperature
1964,American River,11.782781456953643,mean_rear_temp_feb_june,temperature
1965,American River,11.583333333333334,mean_rear_temp_feb_june,temperature
1966,American River,12.804666666666668,mean_rear_temp_feb_june,temperature
1967,American River,10.766442953020135,mean_rear_temp_feb_june,temperature
1967,Sacramento River,12.002307692307692,mean_rear_temp_feb_june,temperature
1968,American River,12.711409395973151,mean_rear_temp_feb_june,temperature
1968,Sacramento River,15.165562913907289,mean_rear_temp_feb_june,temperature
1969,American River,11.16666666666667,mean_rear_temp_feb_june,temperature
1969,Sacramento River,13.600000000000003,mean_rear_temp_feb_june,temperature
1970,American River,12.293918918918925,mean_rear_temp_feb_june,temperature
1970,Sacramento River,16.177966101694913,mean_rear_temp_feb_june,temperature
1970,Yuba River,11.185185185185185,mean_rear_temp_feb_june,temperature
1971,American River,11.67666666666667,mean_rear_temp_feb_june,temperature
1971,Sacramento River,13.010000000000003,mean_rear_temp_feb_june,temperature
1971,Yuba River,10.376666666666667,mean_rear_temp_feb_june,temperature
1972,American River,12.026984126984127,mean_rear_temp_feb_june,temperature
1972,Sacramento River,14.569536423841052,mean_rear_temp_feb_june,temperature
1972,Yuba River,11.434510669610008,mean_rear_temp_feb_june,temperature
1973,American River,11.298666666666668,mean_rear_temp_feb_june,temperature
1973,Sacramento River,13.855932203389832,mean_rear_temp_feb_june,temperature
1973,Yuba River,11.461851851851852,mean_rear_temp_feb_june,temperature
1974,American River,10.40725806451613,mean_rear_temp_feb_june,temperature
1974,Sacramento River,13.863333333333328,mean_rear_temp_feb_june,temperature
1974,Yuba River,10.855185185185185,mean_rear_temp_feb_june,temperature
1975,American River,10.664705882352944,mean_rear_temp_feb_june,temperature
1975,Sacramento River,12.742307692307694,mean_rear_temp_feb_june,temperature
1975,Yuba River,11.279259259259259,mean_rear_temp_feb_june,temperature
1976,American River,13.707432432432432,mean_rear_temp_feb_june,temperature
1976,Sacramento River,14.026490066225165,mean_rear_temp_feb_june,temperature
1976,Yuba River,13.105960264900661,mean_rear_temp_feb_june,temperature
1977,American River,14.62,mean_rear_temp_feb_june,temperature
1977,Sacramento River,15.892000000000001,mean_rear_temp_feb_june,temperature
1977,Yuba River,14.47888888888889,mean_rear_temp_feb_june,temperature
1978,American River,12.034,mean_rear_temp_feb_june,temperature
1978,Sacramento River,15.417687074829932,mean_rear_temp_feb_june,temperature
1978,Yuba River,10.886666666666667,mean_rear_temp_feb_june,temperature
1979,American River,10.2,mean_rear_temp_feb_june,temperature
1979,Sacramento River,16.068595041322315,mean_rear_temp_feb_june,temperature
1979,Yuba River,11.827407407407408,mean_rear_temp_feb_june,temperature
1980,Sacramento River,15.463999999999999,mean_rear_temp_feb_june,temperature
1980,Yuba River,10.822663723325974,mean_rear_temp_feb_june,temperature
1981,Sacramento River,17.678571428571427,mean_rear_temp_feb_june,temperature
1981,Yuba River,12.232962962962963,mean_rear_temp_feb_june,temperature
1982,Sacramento River,14.145333333333332,mean_rear_temp_feb_june,temperature
1982,Yuba River,9.655925925925926,mean_rear_temp_feb_june,temperature
1983,Sacramento River,13.922666666666666,mean_rear_temp_feb_june,temperature
1983,Yuba River,10.502592592592594,mean_rear_temp_feb_june,temperature
1984,Sacramento River,15.62866666666666,mean_rear_temp_feb_june,temperature
1984,Yuba River,11.480868285504046,mean_rear_temp_feb_june,temperature
1985,Sacramento River,16.269999999999996,mean_rear_temp_feb_june,temperature
1985,Yuba River,11.867037037037038,mean_rear_temp_feb_june,temperature
1986,Sacramento River,15.687919463087246,mean_rear_temp_feb_june,temperature
1986,Yuba River,11.16777777777778,mean_rear_temp_feb_june,temperature
1987,Sacramento River,15.61397058823529,mean_rear_temp_feb_june,temperature
1987,Yuba River,13.006666666666666,mean_rear_temp_feb_june,temperature
1988,Sacramento River,15.665562913907289,mean_rear_temp_feb_june,temperature
1988,Yuba River,12.758646063281825,mean_rear_temp_feb_june,temperature
1989,Sacramento River,15.329999999999993,mean_rear_temp_feb_june,temperature
1989,Yuba River,10.573703703703703,mean_rear_temp_feb_june,temperature
1990,Sacramento River,15.906666666666666,mean_rear_temp_feb_june,temperature
1990,Yuba River,12.445555555555556,mean_rear_temp_feb_june,temperature
1991,Sacramento River,15.666666666666671,mean_rear_temp_feb_june,temperature
1991,Yuba River,13.120000000000001,mean_rear_temp_feb_june,temperature
1992,Sacramento River,17.728476821192057,mean_rear_temp_feb_june,temperature
1992,Yuba River,13.219646799116997,mean_rear_temp_feb_june,temperature
1993,Sacramento River,14.632653061224492,mean_rear_temp_feb_june,temperature
1993,Yuba River,10.971111111111112,mean_rear_temp_feb_june,temperature
1994,Sacramento River,16.37074829931973,mean_rear_temp_feb_june,temperature
1994,Yuba River,13.522592592592593,mean_rear_temp_feb_june,temperature
1995,Sacramento River,13.75,mean_rear_temp_feb_june,temperature
1995,Yuba River,10.124814814814815,mean_rear_temp_feb_june,temperature
1996,Sacramento River,16.948453608247426,mean_rear_temp_feb_june,temperature
1996,Yuba River,10.83038999264165,mean_rear_temp_feb_june,temperature
1997,Sacramento River,16.09666666666667,mean_rear_temp_feb_june,temperature
1997,Yuba River,11.160740740740742,mean_rear_temp_feb_june,temperature
1998,Sacramento River,13.440000000000001,mean_rear_temp_feb_june,temperature
1998,Yuba River,10.407777777777778,mean_rear_temp_feb_june,temperature
1999,American River,11.7,mean_rear_temp_feb_june,temperature
1999,Sacramento River,14.376666666666669,mean_rear_temp_feb_june,temperature
1999,Yuba River,11.053333333333333,mean_rear_temp_feb_june,temperature
2000,American River,13.35761589403974,mean_rear_temp_feb_june,temperature
2000,Sacramento River,15.658940397350998,mean_rear_temp_feb_june,temperature
2000,Yuba River,11.647534952170716,mean_rear_temp_feb_june,temperature
2001,American River,13.455172413793106,mean_rear_temp_feb_june,temperature
2001,Sacramento River,15.937333333333338,mean_rear_temp_feb_june,temperature
2001,Yuba River,13.195925925925927,mean_rear_temp_feb_june,temperature
2002,American River,12.26666666666666,mean_rear_temp_feb_june,temperature
2002,Sacramento River,16.063333333333333,mean_rear_temp_feb_june,temperature
2002,Yuba River,11.511111111111111,mean_rear_temp_feb_june,temperature
2003,American River,12.174657534246574,mean_rear_temp_feb_june,temperature
2003,Feather River,17.40442561205273,mean_rear_temp_feb_june,temperature
2003,Mokelumne River,14.061333333333332,mean_rear_temp_feb_june,temperature
2003,Sacramento River,15.161073825503351,mean_rear_temp_feb_june,temperature
2003,Yuba River,11.262962962962963,mean_rear_temp_feb_june,temperature
2004,American River,13.355172413793108,mean_rear_temp_feb_june,temperature
2004,Feather River,15.688034188034191,mean_rear_temp_feb_june,temperature
2004,Mokelumne River,13.890066225165564,mean_rear_temp_feb_june,temperature
2004,Sacramento River,15.94370860927153,mean_rear_temp_feb_june,temperature
2004,Yuba River,11.898454746136867,mean_rear_temp_feb_june,temperature
2005,American River,11.690000000000001,mean_rear_temp_feb_june,temperature
2005,Feather River,16.432962962962964,mean_rear_temp_feb_june,temperature
2005,Mokelumne River,12.377333333333334,mean_rear_temp_feb_june,temperature
2005,Sacramento River,14.764957264957268,mean_rear_temp_feb_june,temperature
2005,Yuba River,11.312962962962963,mean_rear_temp_feb_june,temperature
2006,American River,11.364864864864861,mean_rear_temp_feb_june,temperature
2006,Feather River,13.112222222222226,mean_rear_temp_feb_june,temperature
2006,Mokelumne River,11.716000000000001,mean_rear_temp_feb_june,temperature
2006,Sacramento River,13.983333333333336,mean_rear_temp_feb_june,temperature
2006,Yuba River,10.037777777777778,mean_rear_temp_feb_june,temperature
2007,American River,13.216,mean_rear_temp_feb_june,temperature
2007,Mokelumne River,16.064,mean_rear_temp_feb_june,temperature
2007,Sacramento River,16.754,mean_rear_temp_feb_june,temperature
2007,Yuba River,12.63,mean_rear_temp_feb_june,temperature
2008,American River,13.049006622516554,mean_rear_temp_feb_june,temperature
2008,Mokelumne River,14.077483443708608,mean_rear_temp_feb_june,temperature
2008,Sacramento River,15.732450331125827,mean_rear_temp_feb_june,temperature
2008,Yuba River,12.892935982339955,mean_rear_temp_feb_june,temperature
2009,American River,11.96,mean_rear_temp_feb_june,temperature
2009,Mokelumne River,13.06474820143885,mean_rear_temp_feb_june,temperature
2009,Sacramento River,16.189333333333334,mean_rear_temp_feb_june,temperature
2009,Yuba River,11.943333333333335,mean_rear_temp_feb_june,temperature
2010,American River,12.017999999999999,mean_rear_temp_feb_june,temperature
2010,Mokelumne River,13.573103448275862,mean_rear_temp_feb_june,temperature
2010,Sacramento River,15.126666666666667,mean_rear_temp_feb_june,temperature
2010,Yuba River,11.681851851851851,mean_rear_temp_feb_june,temperature
2011,American River,10.980666666666668,mean_rear_temp_feb_june,temperature
2011,Mokelumne River,10.955238095238094,mean_rear_temp_feb_june,temperature
2011,Sacramento River,14.162666666666665,mean_rear_temp_feb_june,temperature
2011,Yuba River,10.167407407407408,mean_rear_temp_feb_june,temperature
2012,American River,12.141059602649007,mean_rear_temp_feb_june,temperature
2012,Mokelumne River,14.517857142857142,mean_rear_temp_feb_june,temperature
2012,Sacramento River,15.861589403973511,mean_rear_temp_feb_june,temperature
2012,Yuba River,11.650478292862399,mean_rear_temp_feb_june,temperature
2013,American River,13.232666666666665,mean_rear_temp_feb_june,temperature
2013,Mokelumne River,13.92,mean_rear_temp_feb_june,temperature
2013,Sacramento River,16.465771812080536,mean_rear_temp_feb_june,temperature
2013,Yuba River,12.460740740740741,mean_rear_temp_feb_june,temperature
2014,American River,14.241999999999999,mean_rear_temp_feb_june,temperature
2014,Mokelumne River,15.515436241610738,mean_rear_temp_feb_june,temperature
2014,Sacramento River,17.763013698630136,mean_rear_temp_feb_june,temperature
2014,Yuba River,14.444444444444445,mean_rear_temp_feb_june,temperature
2015,American River,14.404666666666667,mean_rear_temp_feb_june,temperature
2015,Mokelumne River,15.894666666666666,mean_rear_temp_feb_june,temperature
2015,Sacramento River,19.126666666666665,mean_rear_temp_feb_june,temperature
2015,Yuba River,13.810370370370372,mean_rear_temp_feb_june,temperature
2016,American River,12.590066225165563,mean_rear_temp_feb_june,temperature
2016,Mokelumne River,14.126206896551725,mean_rear_temp_feb_june,temperature
2016,Sacramento River,17.464900662251658,mean_rear_temp_feb_june,temperature
2016,Yuba River,11.114054451802795,mean_rear_temp_feb_june,temperature
2017,American River,14.641935483870968,mean_rear_temp_feb_june,temperature
2017,Mokelumne River,12.934000000000001,mean_rear_temp_feb_june,temperature
2017,Sacramento River,15.107246376811595,mean_rear_temp_feb_june,temperature
2017,Yuba River,9.721851851851852,mean_rear_temp_feb_june,temperature
2018,American River,11.991999999999999,mean_rear_temp_feb_june,temperature
2018,Mokelumne River,12.854666666666667,mean_rear_temp_feb_june,temperature
2018,Sacramento River,17.152142857142856,mean_rear_temp_feb_june,temperature
2019,American River,11.541333333333334,mean_rear_temp_feb_june,temperature
2019,Feather River,12.060370370370372,mean_rear_temp_feb_june,temperature
2019,Mokelumne River,11.886666666666667,mean_rear_temp_feb_june,temperature
2019,Sacramento River,15.03020134228188,mean_rear_temp_feb_june,temperature
2020,American River,13.814569536423843,mean_rear_temp_feb_june,temperature
2020,Feather River,13.9654157468727,mean_rear_temp_feb_june,temperature
2020,Mokelumne River,12.649668874172185,mean_rear_temp_feb_june,temperature
2020,Sacramento River,16.752348993288592,mean_rear_temp_feb_june,temperature
2021,American River,15.572,mean_rear_temp_feb_june,temperature
2021,Feather River,14.405555555555555,mean_rear_temp_feb_june,temperature
2021,Mokelumne River,16.019333333333332,mean_rear_temp_feb_june,temperature
2021,Sacramento River,18.07986577181208,mean_rear_temp_feb_june,temperature
2022,American River,13.468,mean_rear_temp_feb_june,temperature
2022,Feather River,15.117037037037036,mean_rear_temp_feb_june,temperature
2022,Mokelumne River,15.426,mean_rear_temp_feb_june,temperature
2022,Sacramento River,18.095945945945946,mean_rear_temp_feb_june,temperature
2023,Feather River,12.63851851851852,mean_rear_temp_feb_june,temperature
2023,Mokelumne River,11.164406779661016,mean_rear_temp_feb_june,temperature
2023,Sacramento River,10.407142857142857,mean_rear_temp_feb_june,temperature
2024,Feather River,14.497424576894776,mean_rear_temp_feb_june,temperature
1962,American River,13.842622950819672,mean_rear_temp_may_june,temperature
1963,American River,13.188524590163935,mean_rear_temp_may_june,temperature
1964,American River,14.639344262295083,mean_rear_temp_may_june,temperature
1965,American River,14.27049180327869,mean_rear_temp_may_june,temperature
1966,American River,15.518032786885247,mean_rear_temp_may_june,temperature
1967,American River,12.536065573770493,mean_rear_temp_may_june,temperature
1967,Sacramento River,14.958536585365854,mean_rear_temp_may_june,temperature
1968,American River,16.16393442622951,mean_rear_temp_may_june,temperature
1968,Sacramento River,18.62295081967213,mean_rear_temp_may_june,temperature
1969,American River,13.934426229508198,mean_rear_temp_may_june,temperature
1969,Sacramento River,16.524590163934427,mean_rear_temp_may_june,temperature
1970,American River,14.754237288135593,mean_rear_temp_may_june,temperature
1970,Sacramento River,18.83606557377049,mean_rear_temp_may_june,temperature
1970,Yuba River,13.501821493624773,mean_rear_temp_may_june,temperature
1971,American River,13.5,mean_rear_temp_may_june,temperature
1971,Sacramento River,15.696721311475411,mean_rear_temp_may_june,temperature
1971,Yuba River,12.083788706739528,mean_rear_temp_may_june,temperature
1972,American River,14.198360655737705,mean_rear_temp_may_june,temperature
1972,Sacramento River,17.87704918032787,mean_rear_temp_may_june,temperature
1972,Yuba River,13.63752276867031,mean_rear_temp_may_june,temperature
1973,American River,13.824590163934426,mean_rear_temp_may_june,temperature
1973,Sacramento River,19.854166666666668,mean_rear_temp_may_june,temperature
1973,Yuba River,13.693078324225866,mean_rear_temp_may_june,temperature
1974,American River,12.39047619047619,mean_rear_temp_may_june,temperature
1974,Sacramento River,17.549180327868854,mean_rear_temp_may_june,temperature
1974,Yuba River,13.122040072859745,mean_rear_temp_may_june,temperature
1975,American River,13.356666666666667,mean_rear_temp_may_june,temperature
1975,Sacramento River,16.463414634146343,mean_rear_temp_may_june,temperature
1975,Yuba River,13.54280510018215,mean_rear_temp_may_june,temperature
1976,American River,17.008196721311474,mean_rear_temp_may_june,temperature
1976,Sacramento River,17.581967213114755,mean_rear_temp_may_june,temperature
1976,Yuba River,15.53096539162113,mean_rear_temp_may_june,temperature
1977,American River,15.89344262295082,mean_rear_temp_may_june,temperature
1977,Sacramento River,19.97377049180328,mean_rear_temp_may_june,temperature
1977,Yuba River,17.779599271402553,mean_rear_temp_may_june,temperature
1978,American River,13.801639344262295,mean_rear_temp_may_june,temperature
1978,Sacramento River,19.19016393442623,mean_rear_temp_may_june,temperature
1978,Yuba River,12.842440801457196,mean_rear_temp_may_june,temperature
1979,Sacramento River,19.729508196721312,mean_rear_temp_may_june,temperature
1979,Yuba River,13.7304189435337,mean_rear_temp_may_june,temperature
1980,Sacramento River,19.475409836065573,mean_rear_temp_may_june,temperature
1980,Yuba River,12.749544626593808,mean_rear_temp_may_june,temperature
1981,Sacramento River,19.83606557377049,mean_rear_temp_may_june,temperature
1981,Yuba River,14.525500910746812,mean_rear_temp_may_june,temperature
1982,Sacramento River,18.578688524590163,mean_rear_temp_may_june,temperature
1982,Yuba River,11.560109289617486,mean_rear_temp_may_june,temperature
1983,Sacramento River,17.2,mean_rear_temp_may_june,temperature
1983,Yuba River,12.548269581056466,mean_rear_temp_may_june,temperature
1984,Sacramento River,19.524590163934427,mean_rear_temp_may_june,temperature
1984,Yuba River,13.581056466302368,mean_rear_temp_may_june,temperature
1985,Sacramento River,19.729508196721312,mean_rear_temp_may_june,temperature
1985,Yuba River,13.796903460837887,mean_rear_temp_may_june,temperature
1986,Sacramento River,20,mean_rear_temp_may_june,temperature
1986,Yuba River,13.85792349726776,mean_rear_temp_may_june,temperature
1987,Sacramento River,18.859649122807017,mean_rear_temp_may_june,temperature
1987,Yuba River,15.093806921675775,mean_rear_temp_may_june,temperature
1988,Sacramento River,19.098360655737704,mean_rear_temp_may_june,temperature
1988,Yuba River,14.789617486338798,mean_rear_temp_may_june,temperature
1989,Sacramento River,18.549180327868854,mean_rear_temp_may_june,temperature
1989,Yuba River,12.70127504553734,mean_rear_temp_may_june,temperature
1990,Sacramento River,19.221311475409838,mean_rear_temp_may_june,temperature
1990,Yuba River,14.932604735883425,mean_rear_temp_may_june,temperature
1991,Sacramento River,19.25409836065574,mean_rear_temp_may_june,temperature
1991,Yuba River,15.111111111111112,mean_rear_temp_may_june,temperature
1992,Sacramento River,22.5,mean_rear_temp_may_june,temperature
1992,Yuba River,15.49089253187614,mean_rear_temp_may_june,temperature
1993,Sacramento River,18.016393442622952,mean_rear_temp_may_june,temperature
1993,Yuba River,12.945355191256832,mean_rear_temp_may_june,temperature
1994,Sacramento River,19.80327868852459,mean_rear_temp_may_june,temperature
1994,Yuba River,15.51183970856102,mean_rear_temp_may_june,temperature
1995,Sacramento River,17.106557377049178,mean_rear_temp_may_june,temperature
1995,Yuba River,11.33879781420765,mean_rear_temp_may_june,temperature
1996,Sacramento River,18.237704918032787,mean_rear_temp_may_june,temperature
1996,Yuba River,12.466302367941713,mean_rear_temp_may_june,temperature
1997,Sacramento River,19.39344262295082,mean_rear_temp_may_june,temperature
1997,Yuba River,13.168488160291439,mean_rear_temp_may_june,temperature
1998,Sacramento River,16.081967213114755,mean_rear_temp_may_june,temperature
1998,Yuba River,11.759562841530055,mean_rear_temp_may_june,temperature
1999,American River,13.844262295081966,mean_rear_temp_may_june,temperature
1999,Sacramento River,18.696721311475407,mean_rear_temp_may_june,temperature
1999,Yuba River,13.083788706739528,mean_rear_temp_may_june,temperature
2000,American River,16.065573770491802,mean_rear_temp_may_june,temperature
2000,Sacramento River,19.385245901639344,mean_rear_temp_may_june,temperature
2000,Yuba River,13.804189435336978,mean_rear_temp_may_june,temperature
2001,American River,15.6875,mean_rear_temp_may_june,temperature
2001,Sacramento River,19.75409836065574,mean_rear_temp_may_june,temperature
2001,Yuba River,15.677595628415302,mean_rear_temp_may_june,temperature
2002,American River,15.196721311475411,mean_rear_temp_may_june,temperature
2002,Sacramento River,19.401639344262296,mean_rear_temp_may_june,temperature
2002,Yuba River,14.012750455373407,mean_rear_temp_may_june,temperature
2003,American River,13.770491803278688,mean_rear_temp_may_june,temperature
2003,Feather River,19.61930783242259,mean_rear_temp_may_june,temperature
2003,Mokelumne River,15.826229508196722,mean_rear_temp_may_june,temperature
2003,Sacramento River,18.358333333333334,mean_rear_temp_may_june,temperature
2003,Yuba River,12.915300546448089,mean_rear_temp_may_june,temperature
2004,American River,16.772727272727273,mean_rear_temp_may_june,temperature
2004,Feather River,20.506375227686704,mean_rear_temp_may_june,temperature
2004,Mokelumne River,15.775409836065574,mean_rear_temp_may_june,temperature
2004,Sacramento River,19.811475409836067,mean_rear_temp_may_june,temperature
2004,Yuba River,14.0591985428051,mean_rear_temp_may_june,temperature
2005,American River,13.10655737704918,mean_rear_temp_may_june,temperature
2005,Feather River,19.56193078324226,mean_rear_temp_may_june,temperature
2005,Mokelumne River,13.837704918032786,mean_rear_temp_may_june,temperature
2005,Sacramento River,17.232142857142858,mean_rear_temp_may_june,temperature
2005,Yuba River,12.657559198542806,mean_rear_temp_may_june,temperature
2006,American River,13.76271186440678,mean_rear_temp_may_june,temperature
2006,Feather River,17.574681238615668,mean_rear_temp_may_june,temperature
2006,Mokelumne River,13.419672131147541,mean_rear_temp_may_june,temperature
2006,Sacramento River,18.450819672131146,mean_rear_temp_may_june,temperature
2006,Yuba River,12.027322404371585,mean_rear_temp_may_june,temperature
2007,American River,16.362295081967215,mean_rear_temp_may_june,temperature
2007,Mokelumne River,16.064,mean_rear_temp_may_june,temperature
2007,Sacramento River,20.211475409836066,mean_rear_temp_may_june,temperature
2007,Yuba River,14.864298724954462,mean_rear_temp_may_june,temperature
2008,American River,15.744262295081967,mean_rear_temp_may_june,temperature
2008,Mokelumne River,16.97377049180328,mean_rear_temp_may_june,temperature
2008,Sacramento River,19.84262295081967,mean_rear_temp_may_june,temperature
2008,Yuba River,15.009107468123862,mean_rear_temp_may_june,temperature
2009,American River,13.660655737704918,mean_rear_temp_may_june,temperature
2009,Mokelumne River,15.373584905660378,mean_rear_temp_may_june,temperature
2009,Sacramento River,20.354098360655737,mean_rear_temp_may_june,temperature
2009,Yuba River,13.628415300546449,mean_rear_temp_may_june,temperature
2010,American River,13.204918032786885,mean_rear_temp_may_june,temperature
2010,Mokelumne River,14.826315789473684,mean_rear_temp_may_june,temperature
2010,Sacramento River,18.36393442622951,mean_rear_temp_may_june,temperature
2010,Yuba River,13.01183970856102,mean_rear_temp_may_june,temperature
2011,American River,13.11639344262295,mean_rear_temp_may_june,temperature
2011,Mokelumne River,13.395,mean_rear_temp_may_june,temperature
2011,Sacramento River,17.78688524590164,mean_rear_temp_may_june,temperature
2011,Yuba River,11.494535519125684,mean_rear_temp_may_june,temperature
2012,American River,13.940983606557376,mean_rear_temp_may_june,temperature
2012,Mokelumne River,17.20677966101695,mean_rear_temp_may_june,temperature
2012,Sacramento River,19.885245901639344,mean_rear_temp_may_june,temperature
2012,Yuba River,12.95264116575592,mean_rear_temp_may_june,temperature
2013,American River,17.126229508196722,mean_rear_temp_may_june,temperature
2013,Mokelumne River,16.542622950819673,mean_rear_temp_may_june,temperature
2013,Sacramento River,19.718032786885246,mean_rear_temp_may_june,temperature
2013,Yuba River,14.178506375227688,mean_rear_temp_may_june,temperature
2014,American River,16.388524590163936,mean_rear_temp_may_june,temperature
2014,Mokelumne River,18.14,mean_rear_temp_may_june,temperature
2014,Sacramento River,22.140350877192983,mean_rear_temp_may_june,temperature
2014,Yuba River,17.160291438979964,mean_rear_temp_may_june,temperature
2015,American River,16.613114754098362,mean_rear_temp_may_june,temperature
2015,Mokelumne River,18.262295081967213,mean_rear_temp_may_june,temperature
2015,Sacramento River,23.35737704918033,mean_rear_temp_may_june,temperature
2015,Yuba River,15.985428051001822,mean_rear_temp_may_june,temperature
2016,American River,14.845901639344262,mean_rear_temp_may_june,temperature
2016,Mokelumne River,16.03728813559322,mean_rear_temp_may_june,temperature
2016,Sacramento River,22.22622950819672,mean_rear_temp_may_june,temperature
2016,Yuba River,12.819672131147541,mean_rear_temp_may_june,temperature
2017,American River,14.641935483870968,mean_rear_temp_may_june,temperature
2017,Mokelumne River,16.355737704918035,mean_rear_temp_may_june,temperature
2017,Sacramento River,19.90701754385965,mean_rear_temp_may_june,temperature
2017,Yuba River,11.861566484517304,mean_rear_temp_may_june,temperature
2018,American River,13.821311475409836,mean_rear_temp_may_june,temperature
2018,Mokelumne River,16.18032786885246,mean_rear_temp_may_june,temperature
2018,Sacramento River,21.10655737704918,mean_rear_temp_may_june,temperature
2019,American River,13.637704918032787,mean_rear_temp_may_june,temperature
2019,Feather River,14.591074681238617,mean_rear_temp_may_june,temperature
2019,Mokelumne River,13.445901639344262,mean_rear_temp_may_june,temperature
2019,Sacramento River,19.755,mean_rear_temp_may_june,temperature
2020,American River,16.849180327868854,mean_rear_temp_may_june,temperature
2020,Feather River,16.65846994535519,mean_rear_temp_may_june,temperature
2020,Mokelumne River,14.124590163934426,mean_rear_temp_may_june,temperature
2020,Sacramento River,20.35084745762712,mean_rear_temp_may_june,temperature
2021,American River,19.665573770491804,mean_rear_temp_may_june,temperature
2021,Feather River,16.86703096539162,mean_rear_temp_may_june,temperature
2021,Mokelumne River,18.675409836065572,mean_rear_temp_may_june,temperature
2021,Sacramento River,23.17,mean_rear_temp_may_june,temperature
2022,American River,15.749180327868853,mean_rear_temp_may_june,temperature
2022,Feather River,17.06466302367942,mean_rear_temp_may_june,temperature
2022,Mokelumne River,18.085245901639343,mean_rear_temp_may_june,temperature
2022,Sacramento River,23.008474576271187,mean_rear_temp_may_june,temperature
2023,Feather River,15.546448087431694,mean_rear_temp_may_june,temperature
2024,Feather River,17.389799635701277,mean_rear_temp_may_june,temperature
